date,city,region,treated,tau,downloads,post
2021-05-01,5,S,0,0.0,51.0,0
2021-05-02,5,S,0,0.0,51.0,0
2021-05-03,5,S,0,0.0,51.0,0
2021-05-04,5,S,0,0.0,50.0,0
2021-05-05,5,S,0,0.0,49.0,0
2021-05-06,5,S,0,0.0,51.0,0
2021-05-07,5,S,0,0.0,51.0,0
2021-05-08,5,S,0,0.0,50.0,0
2021-05-09,5,S,0,0.0,52.0,0
2021-05-10,5,S,0,0.0,51.0,0
2021-05-11,5,S,0,0.0,51.0,0
2021-05-12,5,S,0,0.0,50.0,0
2021-05-13,5,S,0,0.0,51.0,0
2021-05-14,5,S,0,0.0,50.0,0
2021-05-15,5,S,0,0.0,50.0,1
2021-05-16,5,S,0,0.0,49.0,1
2021-05-17,5,S,0,0.0,52.0,1
2021-05-18,5,S,0,0.0,50.0,1
2021-05-19,5,S,0,0.0,49.0,1
2021-05-20,5,S,0,0.0,51.0,1
2021-05-21,5,S,0,0.0,50.0,1
2021-05-22,5,S,0,0.0,49.0,1
2021-05-23,5,S,0,0.0,50.0,1
2021-05-24,5,S,0,0.0,51.0,1
2021-05-25,5,S,0,0.0,51.0,1
2021-05-26,5,S,0,0.0,51.0,1
2021-05-27,5,S,0,0.0,50.0,1
2021-05-28,5,S,0,0.0,49.0,1
2021-05-29,5,S,0,0.0,50.0,1
2021-05-30,5,S,0,0.0,50.0,1
2021-05-31,5,S,0,0.0,51.0,1
2021-06-01,5,S,0,0.0,50.0,1
2021-05-01,15,S,0,0.0,50.0,0
2021-05-02,15,S,0,0.0,49.0,0
2021-05-03,15,S,0,0.0,48.0,0
2021-05-04,15,S,0,0.0,48.0,0
2021-05-05,15,S,0,0.0,49.0,0
2021-05-06,15,S,0,0.0,49.0,0
2021-05-07,15,S,0,0.0,50.0,0
2021-05-08,15,S,0,0.0,49.0,0
2021-05-09,15,S,0,0.0,50.0,0
2021-05-10,15,S,0,0.0,51.0,0
2021-05-11,15,S,0,0.0,49.0,0
2021-05-12,15,S,0,0.0,49.0,0
2021-05-13,15,S,0,0.0,49.0,0
2021-05-14,15,S,0,0.0,48.0,0
2021-05-15,15,S,0,0.0,47.0,1
2021-05-16,15,S,0,0.0,48.0,1
2021-05-17,15,S,0,0.0,50.0,1
2021-05-18,15,S,0,0.0,48.0,1
2021-05-19,15,S,0,0.0,49.0,1
2021-05-20,15,S,0,0.0,49.0,1
2021-05-21,15,S,0,0.0,49.0,1
2021-05-22,15,S,0,0.0,48.0,1
2021-05-23,15,S,0,0.0,49.0,1
2021-05-24,15,S,0,0.0,51.0,1
2021-05-25,15,S,0,0.0,50.0,1
2021-05-26,15,S,0,0.0,49.0,1
2021-05-27,15,S,0,0.0,50.0,1
2021-05-28,15,S,0,0.0,49.0,1
2021-05-29,15,S,0,0.0,50.0,1
2021-05-30,15,S,0,0.0,50.0,1
2021-05-31,15,S,0,0.0,50.0,1
2021-06-01,15,S,0,0.0,49.0,1
2021-05-01,20,S,0,0.0,48.0,0
2021-05-02,20,S,0,0.0,50.0,0
2021-05-03,20,S,0,0.0,50.0,0
2021-05-04,20,S,0,0.0,49.0,0
2021-05-05,20,S,0,0.0,49.0,0
2021-05-06,20,S,0,0.0,50.0,0
2021-05-07,20,S,0,0.0,49.0,0
2021-05-08,20,S,0,0.0,47.0,0
2021-05-09,20,S,0,0.0,50.0,0
2021-05-10,20,S,0,0.0,49.0,0
2021-05-11,20,S,0,0.0,48.0,0
2021-05-12,20,S,0,0.0,49.0,0
2021-05-13,20,S,0,0.0,48.0,0
2021-05-14,20,S,0,0.0,47.0,0
2021-05-15,20,S,0,0.0,49.0,1
2021-05-16,20,S,0,0.0,48.0,1
2021-05-17,20,S,0,0.0,51.0,1
2021-05-18,20,S,0,0.0,49.0,1
2021-05-19,20,S,0,0.0,48.0,1
2021-05-20,20,S,0,0.0,50.0,1
2021-05-21,20,S,0,0.0,49.0,1
2021-05-22,20,S,0,0.0,49.0,1
2021-05-23,20,S,0,0.0,49.0,1
2021-05-24,20,S,0,0.0,50.0,1
2021-05-25,20,S,0,0.0,50.0,1
2021-05-26,20,S,0,0.0,48.0,1
2021-05-27,20,S,0,0.0,47.0,1
2021-05-28,20,S,0,0.0,48.0,1
2021-05-29,20,S,0,0.0,50.0,1
2021-05-30,20,S,0,0.0,49.0,1
2021-05-31,20,S,0,0.0,50.0,1
2021-06-01,20,S,0,0.0,49.0,1
2021-05-01,22,S,0,0.0,50.0,0
2021-05-02,22,S,0,0.0,50.0,0
2021-05-03,22,S,0,0.0,52.0,0
2021-05-04,22,S,0,0.0,50.0,0
2021-05-05,22,S,0,0.0,50.0,0
2021-05-06,22,S,0,0.0,51.0,0
2021-05-07,22,S,0,0.0,50.0,0
2021-05-08,22,S,0,0.0,50.0,0
2021-05-09,22,S,0,0.0,50.0,0
2021-05-10,22,S,0,0.0,51.0,0
2021-05-11,22,S,0,0.0,49.0,0
2021-05-12,22,S,0,0.0,50.0,0
2021-05-13,22,S,0,0.0,50.0,0
2021-05-14,22,S,0,0.0,49.0,0
2021-05-15,22,S,0,0.0,51.0,1
2021-05-16,22,S,0,0.0,50.0,1
2021-05-17,22,S,0,0.0,50.0,1
2021-05-18,22,S,0,0.0,51.0,1
2021-05-19,22,S,0,0.0,50.0,1
2021-05-20,22,S,0,0.0,50.0,1
2021-05-21,22,S,0,0.0,49.0,1
2021-05-22,22,S,0,0.0,50.0,1
2021-05-23,22,S,0,0.0,50.0,1
2021-05-24,22,S,0,0.0,50.0,1
2021-05-25,22,S,0,0.0,50.0,1
2021-05-26,22,S,0,0.0,50.0,1
2021-05-27,22,S,0,0.0,50.0,1
2021-05-28,22,S,0,0.0,49.0,1
2021-05-29,22,S,0,0.0,50.0,1
2021-05-30,22,S,0,0.0,50.0,1
2021-05-31,22,S,0,0.0,51.0,1
2021-06-01,22,S,0,0.0,52.0,1
2021-05-01,28,S,0,0.0,48.0,0
2021-05-02,28,S,0,0.0,50.0,0
2021-05-03,28,S,0,0.0,50.0,0
2021-05-04,28,S,0,0.0,50.0,0
2021-05-05,28,S,0,0.0,50.0,0
2021-05-06,28,S,0,0.0,50.0,0
2021-05-07,28,S,0,0.0,49.0,0
2021-05-08,28,S,0,0.0,49.0,0
2021-05-09,28,S,0,0.0,50.0,0
2021-05-10,28,S,0,0.0,50.0,0
2021-05-11,28,S,0,0.0,51.0,0
2021-05-12,28,S,0,0.0,49.0,0
2021-05-13,28,S,0,0.0,48.0,0
2021-05-14,28,S,0,0.0,50.0,0
2021-05-15,28,S,0,0.0,49.0,1
2021-05-16,28,S,0,0.0,49.0,1
2021-05-17,28,S,0,0.0,52.0,1
2021-05-18,28,S,0,0.0,50.0,1
2021-05-19,28,S,0,0.0,49.0,1
2021-05-20,28,S,0,0.0,50.0,1
2021-05-21,28,S,0,0.0,50.0,1
2021-05-22,28,S,0,0.0,50.0,1
2021-05-23,28,S,0,0.0,51.0,1
2021-05-24,28,S,0,0.0,50.0,1
2021-05-25,28,S,0,0.0,50.0,1
2021-05-26,28,S,0,0.0,50.0,1
2021-05-27,28,S,0,0.0,48.0,1
2021-05-28,28,S,0,0.0,50.0,1
2021-05-29,28,S,0,0.0,50.0,1
2021-05-30,28,S,0,0.0,49.0,1
2021-05-31,28,S,0,0.0,52.0,1
2021-06-01,28,S,0,0.0,50.0,1
2021-05-01,29,S,0,0.0,52.0,0
2021-05-02,29,S,0,0.0,51.0,0
2021-05-03,29,S,0,0.0,52.0,0
2021-05-04,29,S,0,0.0,52.0,0
2021-05-05,29,S,0,0.0,52.0,0
2021-05-06,29,S,0,0.0,52.0,0
2021-05-07,29,S,0,0.0,52.0,0
2021-05-08,29,S,0,0.0,51.0,0
2021-05-09,29,S,0,0.0,52.0,0
2021-05-10,29,S,0,0.0,52.0,0
2021-05-11,29,S,0,0.0,53.0,0
2021-05-12,29,S,0,0.0,53.0,0
2021-05-13,29,S,0,0.0,50.0,0
2021-05-14,29,S,0,0.0,51.0,0
2021-05-15,29,S,0,0.0,53.0,1
2021-05-16,29,S,0,0.0,50.0,1
2021-05-17,29,S,0,0.0,54.0,1
2021-05-18,29,S,0,0.0,52.0,1
2021-05-19,29,S,0,0.0,51.0,1
2021-05-20,29,S,0,0.0,53.0,1
2021-05-21,29,S,0,0.0,52.0,1
2021-05-22,29,S,0,0.0,53.0,1
2021-05-23,29,S,0,0.0,52.0,1
2021-05-24,29,S,0,0.0,53.0,1
2021-05-25,29,S,0,0.0,53.0,1
2021-05-26,29,S,0,0.0,53.0,1
2021-05-27,29,S,0,0.0,52.0,1
2021-05-28,29,S,0,0.0,52.0,1
2021-05-29,29,S,0,0.0,52.0,1
2021-05-30,29,S,0,0.0,53.0,1
2021-05-31,29,S,0,0.0,53.0,1
2021-06-01,29,S,0,0.0,52.0,1
2021-05-01,30,S,1,0.0,53.0,0
2021-05-02,30,S,1,0.0,54.0,0
2021-05-03,30,S,1,0.0,55.0,0
2021-05-04,30,S,1,0.0,54.0,0
2021-05-05,30,S,1,0.0,53.0,0
2021-05-06,30,S,1,0.0,55.0,0
2021-05-07,30,S,1,0.0,53.0,0
2021-05-08,30,S,1,0.0,52.0,0
2021-05-09,30,S,1,0.0,53.0,0
2021-05-10,30,S,1,0.0,55.0,0
2021-05-11,30,S,1,0.0,56.0,0
2021-05-12,30,S,1,0.0,53.0,0
2021-05-13,30,S,1,0.0,53.0,0
2021-05-14,30,S,1,0.0,53.0,0
2021-05-15,30,S,1,0.0,53.0,1
2021-05-16,30,S,1,0.18358006426791462,54.0,1
2021-05-17,30,S,1,0.36716012853582924,56.0,1
2021-05-18,30,S,1,0.5507401928037368,53.0,1
2021-05-19,30,S,1,0.7343202570716514,54.0,1
2021-05-20,30,S,1,0.917900321339566,56.0,1
2021-05-21,30,S,1,0.917900321339566,55.0,1
2021-05-22,30,S,1,0.917900321339566,53.0,1
2021-05-23,30,S,1,0.917900321339566,54.0,1
2021-05-24,30,S,1,0.917900321339566,55.0,1
2021-05-25,30,S,1,0.917900321339566,55.0,1
2021-05-26,30,S,1,0.917900321339566,55.0,1
2021-05-27,30,S,1,0.917900321339566,55.0,1
2021-05-28,30,S,1,0.917900321339566,55.0,1
2021-05-29,30,S,1,0.917900321339566,55.0,1
2021-05-30,30,S,1,0.917900321339566,54.0,1
2021-05-31,30,S,1,0.917900321339566,54.0,1
2021-06-01,30,S,1,0.917900321339566,55.0,1
2021-05-01,31,S,0,0.0,49.0,0
2021-05-02,31,S,0,0.0,51.0,0
2021-05-03,31,S,0,0.0,51.0,0
2021-05-04,31,S,0,0.0,50.0,0
2021-05-05,31,S,0,0.0,50.0,0
2021-05-06,31,S,0,0.0,51.0,0
2021-05-07,31,S,0,0.0,49.0,0
2021-05-08,31,S,0,0.0,50.0,0
2021-05-09,31,S,0,0.0,52.0,0
2021-05-10,31,S,0,0.0,51.0,0
2021-05-11,31,S,0,0.0,51.0,0
2021-05-12,31,S,0,0.0,50.0,0
2021-05-13,31,S,0,0.0,48.0,0
2021-05-14,31,S,0,0.0,50.0,0
2021-05-15,31,S,0,0.0,50.0,1
2021-05-16,31,S,0,0.0,50.0,1
2021-05-17,31,S,0,0.0,52.0,1
2021-05-18,31,S,0,0.0,50.0,1
2021-05-19,31,S,0,0.0,50.0,1
2021-05-20,31,S,0,0.0,51.0,1
2021-05-21,31,S,0,0.0,50.0,1
2021-05-22,31,S,0,0.0,49.0,1
2021-05-23,31,S,0,0.0,51.0,1
2021-05-24,31,S,0,0.0,51.0,1
2021-05-25,31,S,0,0.0,51.0,1
2021-05-26,31,S,0,0.0,50.0,1
2021-05-27,31,S,0,0.0,51.0,1
2021-05-28,31,S,0,0.0,50.0,1
2021-05-29,31,S,0,0.0,50.0,1
2021-05-30,31,S,0,0.0,50.0,1
2021-05-31,31,S,0,0.0,50.0,1
2021-06-01,31,S,0,0.0,51.0,1
2021-05-01,36,S,0,0.0,52.0,0
2021-05-02,36,S,0,0.0,53.0,0
2021-05-03,36,S,0,0.0,52.0,0
2021-05-04,36,S,0,0.0,53.0,0
2021-05-05,36,S,0,0.0,53.0,0
2021-05-06,36,S,0,0.0,53.0,0
2021-05-07,36,S,0,0.0,51.0,0
2021-05-08,36,S,0,0.0,52.0,0
2021-05-09,36,S,0,0.0,52.0,0
2021-05-10,36,S,0,0.0,51.0,0
2021-05-11,36,S,0,0.0,51.0,0
2021-05-12,36,S,0,0.0,51.0,0
2021-05-13,36,S,0,0.0,51.0,0
2021-05-14,36,S,0,0.0,50.0,0
2021-05-15,36,S,0,0.0,51.0,1
2021-05-16,36,S,0,0.0,51.0,1
2021-05-17,36,S,0,0.0,54.0,1
2021-05-18,36,S,0,0.0,52.0,1
2021-05-19,36,S,0,0.0,51.0,1
2021-05-20,36,S,0,0.0,53.0,1
2021-05-21,36,S,0,0.0,51.0,1
2021-05-22,36,S,0,0.0,53.0,1
2021-05-23,36,S,0,0.0,53.0,1
2021-05-24,36,S,0,0.0,53.0,1
2021-05-25,36,S,0,0.0,54.0,1
2021-05-26,36,S,0,0.0,51.0,1
2021-05-27,36,S,0,0.0,53.0,1
2021-05-28,36,S,0,0.0,53.0,1
2021-05-29,36,S,0,0.0,52.0,1
2021-05-30,36,S,0,0.0,52.0,1
2021-05-31,36,S,0,0.0,52.0,1
2021-06-01,36,S,0,0.0,54.0,1
2021-05-01,39,S,0,0.0,52.0,0
2021-05-02,39,S,0,0.0,53.0,0
2021-05-03,39,S,0,0.0,52.0,0
2021-05-04,39,S,0,0.0,51.0,0
2021-05-05,39,S,0,0.0,53.0,0
2021-05-06,39,S,0,0.0,53.0,0
2021-05-07,39,S,0,0.0,53.0,0
2021-05-08,39,S,0,0.0,51.0,0
2021-05-09,39,S,0,0.0,52.0,0
2021-05-10,39,S,0,0.0,53.0,0
2021-05-11,39,S,0,0.0,51.0,0
2021-05-12,39,S,0,0.0,51.0,0
2021-05-13,39,S,0,0.0,51.0,0
2021-05-14,39,S,0,0.0,50.0,0
2021-05-15,39,S,0,0.0,52.0,1
2021-05-16,39,S,0,0.0,50.0,1
2021-05-17,39,S,0,0.0,53.0,1
2021-05-18,39,S,0,0.0,51.0,1
2021-05-19,39,S,0,0.0,51.0,1
2021-05-20,39,S,0,0.0,52.0,1
2021-05-21,39,S,0,0.0,52.0,1
2021-05-22,39,S,0,0.0,52.0,1
2021-05-23,39,S,0,0.0,52.0,1
2021-05-24,39,S,0,0.0,54.0,1
2021-05-25,39,S,0,0.0,53.0,1
2021-05-26,39,S,0,0.0,53.0,1
2021-05-27,39,S,0,0.0,52.0,1
2021-05-28,39,S,0,0.0,53.0,1
2021-05-29,39,S,0,0.0,53.0,1
2021-05-30,39,S,0,0.0,49.0,1
2021-05-31,39,S,0,0.0,53.0,1
2021-06-01,39,S,0,0.0,52.0,1
2021-05-01,41,S,0,0.0,49.0,0
2021-05-02,41,S,0,0.0,49.0,0
2021-05-03,41,S,0,0.0,48.0,0
2021-05-04,41,S,0,0.0,49.0,0
2021-05-05,41,S,0,0.0,49.0,0
2021-05-06,41,S,0,0.0,49.0,0
2021-05-07,41,S,0,0.0,48.0,0
2021-05-08,41,S,0,0.0,48.0,0
2021-05-09,41,S,0,0.0,49.0,0
2021-05-10,41,S,0,0.0,50.0,0
2021-05-11,41,S,0,0.0,49.0,0
2021-05-12,41,S,0,0.0,49.0,0
2021-05-13,41,S,0,0.0,48.0,0
2021-05-14,41,S,0,0.0,47.0,0
2021-05-15,41,S,0,0.0,50.0,1
2021-05-16,41,S,0,0.0,49.0,1
2021-05-17,41,S,0,0.0,52.0,1
2021-05-18,41,S,0,0.0,51.0,1
2021-05-19,41,S,0,0.0,48.0,1
2021-05-20,41,S,0,0.0,51.0,1
2021-05-21,41,S,0,0.0,48.0,1
2021-05-22,41,S,0,0.0,48.0,1
2021-05-23,41,S,0,0.0,50.0,1
2021-05-24,41,S,0,0.0,50.0,1
2021-05-25,41,S,0,0.0,49.0,1
2021-05-26,41,S,0,0.0,48.0,1
2021-05-27,41,S,0,0.0,49.0,1
2021-05-28,41,S,0,0.0,49.0,1
2021-05-29,41,S,0,0.0,48.0,1
2021-05-30,41,S,0,0.0,49.0,1
2021-05-31,41,S,0,0.0,51.0,1
2021-06-01,41,S,0,0.0,49.0,1
2021-05-01,43,S,0,0.0,49.0,0
2021-05-02,43,S,0,0.0,50.0,0
2021-05-03,43,S,0,0.0,51.0,0
2021-05-04,43,S,0,0.0,49.0,0
2021-05-05,43,S,0,0.0,51.0,0
2021-05-06,43,S,0,0.0,50.0,0
2021-05-07,43,S,0,0.0,50.0,0
2021-05-08,43,S,0,0.0,48.0,0
2021-05-09,43,S,0,0.0,50.0,0
2021-05-10,43,S,0,0.0,51.0,0
2021-05-11,43,S,0,0.0,50.0,0
2021-05-12,43,S,0,0.0,48.0,0
2021-05-13,43,S,0,0.0,49.0,0
2021-05-14,43,S,0,0.0,48.0,0
2021-05-15,43,S,0,0.0,50.0,1
2021-05-16,43,S,0,0.0,49.0,1
2021-05-17,43,S,0,0.0,51.0,1
2021-05-18,43,S,0,0.0,51.0,1
2021-05-19,43,S,0,0.0,48.0,1
2021-05-20,43,S,0,0.0,50.0,1
2021-05-21,43,S,0,0.0,50.0,1
2021-05-22,43,S,0,0.0,49.0,1
2021-05-23,43,S,0,0.0,49.0,1
2021-05-24,43,S,0,0.0,51.0,1
2021-05-25,43,S,0,0.0,51.0,1
2021-05-26,43,S,0,0.0,50.0,1
2021-05-27,43,S,0,0.0,49.0,1
2021-05-28,43,S,0,0.0,50.0,1
2021-05-29,43,S,0,0.0,49.0,1
2021-05-30,43,S,0,0.0,49.0,1
2021-05-31,43,S,0,0.0,50.0,1
2021-06-01,43,S,0,0.0,50.0,1
2021-05-01,47,S,0,0.0,48.0,0
2021-05-02,47,S,0,0.0,49.0,0
2021-05-03,47,S,0,0.0,49.0,0
2021-05-04,47,S,0,0.0,49.0,0
2021-05-05,47,S,0,0.0,49.0,0
2021-05-06,47,S,0,0.0,48.0,0
2021-05-07,47,S,0,0.0,49.0,0
2021-05-08,47,S,0,0.0,48.0,0
2021-05-09,47,S,0,0.0,50.0,0
2021-05-10,47,S,0,0.0,50.0,0
2021-05-11,47,S,0,0.0,50.0,0
2021-05-12,47,S,0,0.0,49.0,0
2021-05-13,47,S,0,0.0,47.0,0
2021-05-14,47,S,0,0.0,48.0,0
2021-05-15,47,S,0,0.0,49.0,1
2021-05-16,47,S,0,0.0,48.0,1
2021-05-17,47,S,0,0.0,49.0,1
2021-05-18,47,S,0,0.0,49.0,1
2021-05-19,47,S,0,0.0,48.0,1
2021-05-20,47,S,0,0.0,48.0,1
2021-05-21,47,S,0,0.0,50.0,1
2021-05-22,47,S,0,0.0,50.0,1
2021-05-23,47,S,0,0.0,50.0,1
2021-05-24,47,S,0,0.0,48.0,1
2021-05-25,47,S,0,0.0,49.0,1
2021-05-26,47,S,0,0.0,49.0,1
2021-05-27,47,S,0,0.0,48.0,1
2021-05-28,47,S,0,0.0,50.0,1
2021-05-29,47,S,0,0.0,49.0,1
2021-05-30,47,S,0,0.0,48.0,1
2021-05-31,47,S,0,0.0,51.0,1
2021-06-01,47,S,0,0.0,50.0,1
2021-05-01,48,S,0,0.0,49.0,0
2021-05-02,48,S,0,0.0,48.0,0
2021-05-03,48,S,0,0.0,49.0,0
2021-05-04,48,S,0,0.0,50.0,0
2021-05-05,48,S,0,0.0,49.0,0
2021-05-06,48,S,0,0.0,50.0,0
2021-05-07,48,S,0,0.0,47.0,0
2021-05-08,48,S,0,0.0,49.0,0
2021-05-09,48,S,0,0.0,48.0,0
2021-05-10,48,S,0,0.0,49.0,0
2021-05-11,48,S,0,0.0,50.0,0
2021-05-12,48,S,0,0.0,49.0,0
2021-05-13,48,S,0,0.0,49.0,0
2021-05-14,48,S,0,0.0,47.0,0
2021-05-15,48,S,0,0.0,50.0,1
2021-05-16,48,S,0,0.0,48.0,1
2021-05-17,48,S,0,0.0,51.0,1
2021-05-18,48,S,0,0.0,50.0,1
2021-05-19,48,S,0,0.0,49.0,1
2021-05-20,48,S,0,0.0,50.0,1
2021-05-21,48,S,0,0.0,49.0,1
2021-05-22,48,S,0,0.0,49.0,1
2021-05-23,48,S,0,0.0,48.0,1
2021-05-24,48,S,0,0.0,50.0,1
2021-05-25,48,S,0,0.0,50.0,1
2021-05-26,48,S,0,0.0,49.0,1
2021-05-27,48,S,0,0.0,50.0,1
2021-05-28,48,S,0,0.0,50.0,1
2021-05-29,48,S,0,0.0,49.0,1
2021-05-30,48,S,0,0.0,49.0,1
2021-05-31,48,S,0,0.0,51.0,1
2021-06-01,48,S,0,0.0,50.0,1
2021-05-01,49,S,0,0.0,53.0,0
2021-05-02,49,S,0,0.0,52.0,0
2021-05-03,49,S,0,0.0,53.0,0
2021-05-04,49,S,0,0.0,52.0,0
2021-05-05,49,S,0,0.0,53.0,0
2021-05-06,49,S,0,0.0,53.0,0
2021-05-07,49,S,0,0.0,52.0,0
2021-05-08,49,S,0,0.0,51.0,0
2021-05-09,49,S,0,0.0,53.0,0
2021-05-10,49,S,0,0.0,54.0,0
2021-05-11,49,S,0,0.0,52.0,0
2021-05-12,49,S,0,0.0,53.0,0
2021-05-13,49,S,0,0.0,52.0,0
2021-05-14,49,S,0,0.0,52.0,0
2021-05-15,49,S,0,0.0,52.0,1
2021-05-16,49,S,0,0.0,50.0,1
2021-05-17,49,S,0,0.0,53.0,1
2021-05-18,49,S,0,0.0,53.0,1
2021-05-19,49,S,0,0.0,52.0,1
2021-05-20,49,S,0,0.0,52.0,1
2021-05-21,49,S,0,0.0,52.0,1
2021-05-22,49,S,0,0.0,51.0,1
2021-05-23,49,S,0,0.0,51.0,1
2021-05-24,49,S,0,0.0,53.0,1
2021-05-25,49,S,0,0.0,53.0,1
2021-05-26,49,S,0,0.0,52.0,1
2021-05-27,49,S,0,0.0,52.0,1
2021-05-28,49,S,0,0.0,52.0,1
2021-05-29,49,S,0,0.0,53.0,1
2021-05-30,49,S,0,0.0,51.0,1
2021-05-31,49,S,0,0.0,53.0,1
2021-06-01,49,S,0,0.0,53.0,1
2021-05-01,58,S,0,0.0,53.0,0
2021-05-02,58,S,0,0.0,53.0,0
2021-05-03,58,S,0,0.0,51.0,0
2021-05-04,58,S,0,0.0,52.0,0
2021-05-05,58,S,0,0.0,51.0,0
2021-05-06,58,S,0,0.0,52.0,0
2021-05-07,58,S,0,0.0,52.0,0
2021-05-08,58,S,0,0.0,51.0,0
2021-05-09,58,S,0,0.0,51.0,0
2021-05-10,58,S,0,0.0,52.0,0
2021-05-11,58,S,0,0.0,53.0,0
2021-05-12,58,S,0,0.0,51.0,0
2021-05-13,58,S,0,0.0,51.0,0
2021-05-14,58,S,0,0.0,51.0,0
2021-05-15,58,S,0,0.0,51.0,1
2021-05-16,58,S,0,0.0,51.0,1
2021-05-17,58,S,0,0.0,53.0,1
2021-05-18,58,S,0,0.0,52.0,1
2021-05-19,58,S,0,0.0,51.0,1
2021-05-20,58,S,0,0.0,51.0,1
2021-05-21,58,S,0,0.0,53.0,1
2021-05-22,58,S,0,0.0,52.0,1
2021-05-23,58,S,0,0.0,52.0,1
2021-05-24,58,S,0,0.0,53.0,1
2021-05-25,58,S,0,0.0,54.0,1
2021-05-26,58,S,0,0.0,50.0,1
2021-05-27,58,S,0,0.0,52.0,1
2021-05-28,58,S,0,0.0,52.0,1
2021-05-29,58,S,0,0.0,52.0,1
2021-05-30,58,S,0,0.0,52.0,1
2021-05-31,58,S,0,0.0,53.0,1
2021-06-01,58,S,0,0.0,52.0,1
2021-05-01,59,S,0,0.0,51.0,0
2021-05-02,59,S,0,0.0,51.0,0
2021-05-03,59,S,0,0.0,51.0,0
2021-05-04,59,S,0,0.0,51.0,0
2021-05-05,59,S,0,0.0,52.0,0
2021-05-06,59,S,0,0.0,52.0,0
2021-05-07,59,S,0,0.0,51.0,0
2021-05-08,59,S,0,0.0,50.0,0
2021-05-09,59,S,0,0.0,51.0,0
2021-05-10,59,S,0,0.0,53.0,0
2021-05-11,59,S,0,0.0,51.0,0
2021-05-12,59,S,0,0.0,49.0,0
2021-05-13,59,S,0,0.0,52.0,0
2021-05-14,59,S,0,0.0,49.0,0
2021-05-15,59,S,0,0.0,50.0,1
2021-05-16,59,S,0,0.0,49.0,1
2021-05-17,59,S,0,0.0,52.0,1
2021-05-18,59,S,0,0.0,50.0,1
2021-05-19,59,S,0,0.0,51.0,1
2021-05-20,59,S,0,0.0,52.0,1
2021-05-21,59,S,0,0.0,51.0,1
2021-05-22,59,S,0,0.0,52.0,1
2021-05-23,59,S,0,0.0,51.0,1
2021-05-24,59,S,0,0.0,51.0,1
2021-05-25,59,S,0,0.0,53.0,1
2021-05-26,59,S,0,0.0,50.0,1
2021-05-27,59,S,0,0.0,51.0,1
2021-05-28,59,S,0,0.0,50.0,1
2021-05-29,59,S,0,0.0,51.0,1
2021-05-30,59,S,0,0.0,51.0,1
2021-05-31,59,S,0,0.0,52.0,1
2021-06-01,59,S,0,0.0,52.0,1
2021-05-01,63,S,0,0.0,50.0,0
2021-05-02,63,S,0,0.0,49.0,0
2021-05-03,63,S,0,0.0,49.0,0
2021-05-04,63,S,0,0.0,49.0,0
2021-05-05,63,S,0,0.0,49.0,0
2021-05-06,63,S,0,0.0,50.0,0
2021-05-07,63,S,0,0.0,50.0,0
2021-05-08,63,S,0,0.0,49.0,0
2021-05-09,63,S,0,0.0,50.0,0
2021-05-10,63,S,0,0.0,52.0,0
2021-05-11,63,S,0,0.0,50.0,0
2021-05-12,63,S,0,0.0,49.0,0
2021-05-13,63,S,0,0.0,49.0,0
2021-05-14,63,S,0,0.0,49.0,0
2021-05-15,63,S,0,0.0,48.0,1
2021-05-16,63,S,0,0.0,49.0,1
2021-05-17,63,S,0,0.0,53.0,1
2021-05-18,63,S,0,0.0,50.0,1
2021-05-19,63,S,0,0.0,50.0,1
2021-05-20,63,S,0,0.0,50.0,1
2021-05-21,63,S,0,0.0,50.0,1
2021-05-22,63,S,0,0.0,49.0,1
2021-05-23,63,S,0,0.0,50.0,1
2021-05-24,63,S,0,0.0,51.0,1
2021-05-25,63,S,0,0.0,51.0,1
2021-05-26,63,S,0,0.0,50.0,1
2021-05-27,63,S,0,0.0,49.0,1
2021-05-28,63,S,0,0.0,50.0,1
2021-05-29,63,S,0,0.0,50.0,1
2021-05-30,63,S,0,0.0,50.0,1
2021-05-31,63,S,0,0.0,50.0,1
2021-06-01,63,S,0,0.0,49.0,1
2021-05-01,71,S,1,0.0,51.0,0
2021-05-02,71,S,1,0.0,51.0,0
2021-05-03,71,S,1,0.0,51.0,0
2021-05-04,71,S,1,0.0,52.0,0
2021-05-05,71,S,1,0.0,51.0,0
2021-05-06,71,S,1,0.0,52.0,0
2021-05-07,71,S,1,0.0,51.0,0
2021-05-08,71,S,1,0.0,49.0,0
2021-05-09,71,S,1,0.0,52.0,0
2021-05-10,71,S,1,0.0,51.0,0
2021-05-11,71,S,1,0.0,51.0,0
2021-05-12,71,S,1,0.0,51.0,0
2021-05-13,71,S,1,0.0,50.0,0
2021-05-14,71,S,1,0.0,49.0,0
2021-05-15,71,S,1,0.0,49.0,1
2021-05-16,71,S,1,0.017818528720439986,51.0,1
2021-05-17,71,S,1,0.03563705744087997,53.0,1
2021-05-18,71,S,1,0.05345558616131285,51.0,1
2021-05-19,71,S,1,0.07127411488175284,49.0,1
2021-05-20,71,S,1,0.08909264360219282,51.0,1
2021-05-21,71,S,1,0.08909264360219282,52.0,1
2021-05-22,71,S,1,0.08909264360219282,51.0,1
2021-05-23,71,S,1,0.08909264360219282,51.0,1
2021-05-24,71,S,1,0.08909264360219282,53.0,1
2021-05-25,71,S,1,0.08909264360219282,52.0,1
2021-05-26,71,S,1,0.08909264360219282,53.0,1
2021-05-27,71,S,1,0.08909264360219282,50.0,1
2021-05-28,71,S,1,0.08909264360219282,51.0,1
2021-05-29,71,S,1,0.08909264360219282,50.0,1
2021-05-30,71,S,1,0.08909264360219282,51.0,1
2021-05-31,71,S,1,0.08909264360219282,53.0,1
2021-06-01,71,S,1,0.08909264360219282,52.0,1
2021-05-01,76,S,0,0.0,52.0,0
2021-05-02,76,S,0,0.0,52.0,0
2021-05-03,76,S,0,0.0,53.0,0
2021-05-04,76,S,0,0.0,53.0,0
2021-05-05,76,S,0,0.0,52.0,0
2021-05-06,76,S,0,0.0,54.0,0
2021-05-07,76,S,0,0.0,54.0,0
2021-05-08,76,S,0,0.0,53.0,0
2021-05-09,76,S,0,0.0,52.0,0
2021-05-10,76,S,0,0.0,54.0,0
2021-05-11,76,S,0,0.0,52.0,0
2021-05-12,76,S,0,0.0,53.0,0
2021-05-13,76,S,0,0.0,50.0,0
2021-05-14,76,S,0,0.0,52.0,0
2021-05-15,76,S,0,0.0,53.0,1
2021-05-16,76,S,0,0.0,52.0,1
2021-05-17,76,S,0,0.0,54.0,1
2021-05-18,76,S,0,0.0,52.0,1
2021-05-19,76,S,0,0.0,53.0,1
2021-05-20,76,S,0,0.0,54.0,1
2021-05-21,76,S,0,0.0,53.0,1
2021-05-22,76,S,0,0.0,54.0,1
2021-05-23,76,S,0,0.0,53.0,1
2021-05-24,76,S,0,0.0,54.0,1
2021-05-25,76,S,0,0.0,54.0,1
2021-05-26,76,S,0,0.0,53.0,1
2021-05-27,76,S,0,0.0,54.0,1
2021-05-28,76,S,0,0.0,52.0,1
2021-05-29,76,S,0,0.0,52.0,1
2021-05-30,76,S,0,0.0,53.0,1
2021-05-31,76,S,0,0.0,54.0,1
2021-06-01,76,S,0,0.0,53.0,1
2021-05-01,78,S,0,0.0,51.0,0
2021-05-02,78,S,0,0.0,52.0,0
2021-05-03,78,S,0,0.0,54.0,0
2021-05-04,78,S,0,0.0,52.0,0
2021-05-05,78,S,0,0.0,52.0,0
2021-05-06,78,S,0,0.0,53.0,0
2021-05-07,78,S,0,0.0,51.0,0
2021-05-08,78,S,0,0.0,52.0,0
2021-05-09,78,S,0,0.0,53.0,0
2021-05-10,78,S,0,0.0,53.0,0
2021-05-11,78,S,0,0.0,52.0,0
2021-05-12,78,S,0,0.0,52.0,0
2021-05-13,78,S,0,0.0,53.0,0
2021-05-14,78,S,0,0.0,51.0,0
2021-05-15,78,S,0,0.0,51.0,1
2021-05-16,78,S,0,0.0,52.0,1
2021-05-17,78,S,0,0.0,53.0,1
2021-05-18,78,S,0,0.0,54.0,1
2021-05-19,78,S,0,0.0,52.0,1
2021-05-20,78,S,0,0.0,52.0,1
2021-05-21,78,S,0,0.0,52.0,1
2021-05-22,78,S,0,0.0,51.0,1
2021-05-23,78,S,0,0.0,52.0,1
2021-05-24,78,S,0,0.0,52.0,1
2021-05-25,78,S,0,0.0,53.0,1
2021-05-26,78,S,0,0.0,52.0,1
2021-05-27,78,S,0,0.0,51.0,1
2021-05-28,78,S,0,0.0,51.0,1
2021-05-29,78,S,0,0.0,51.0,1
2021-05-30,78,S,0,0.0,51.0,1
2021-05-31,78,S,0,0.0,53.0,1
2021-06-01,78,S,0,0.0,53.0,1
2021-05-01,83,S,0,0.0,53.0,0
2021-05-02,83,S,0,0.0,55.0,0
2021-05-03,83,S,0,0.0,55.0,0
2021-05-04,83,S,0,0.0,53.0,0
2021-05-05,83,S,0,0.0,53.0,0
2021-05-06,83,S,0,0.0,54.0,0
2021-05-07,83,S,0,0.0,53.0,0
2021-05-08,83,S,0,0.0,53.0,0
2021-05-09,83,S,0,0.0,54.0,0
2021-05-10,83,S,0,0.0,54.0,0
2021-05-11,83,S,0,0.0,55.0,0
2021-05-12,83,S,0,0.0,52.0,0
2021-05-13,83,S,0,0.0,53.0,0
2021-05-14,83,S,0,0.0,54.0,0
2021-05-15,83,S,0,0.0,52.0,1
2021-05-16,83,S,0,0.0,53.0,1
2021-05-17,83,S,0,0.0,55.0,1
2021-05-18,83,S,0,0.0,53.0,1
2021-05-19,83,S,0,0.0,55.0,1
2021-05-20,83,S,0,0.0,53.0,1
2021-05-21,83,S,0,0.0,54.0,1
2021-05-22,83,S,0,0.0,54.0,1
2021-05-23,83,S,0,0.0,54.0,1
2021-05-24,83,S,0,0.0,54.0,1
2021-05-25,83,S,0,0.0,53.0,1
2021-05-26,83,S,0,0.0,53.0,1
2021-05-27,83,S,0,0.0,54.0,1
2021-05-28,83,S,0,0.0,53.0,1
2021-05-29,83,S,0,0.0,52.0,1
2021-05-30,83,S,0,0.0,53.0,1
2021-05-31,83,S,0,0.0,54.0,1
2021-06-01,83,S,0,0.0,54.0,1
2021-05-01,87,S,0,0.0,50.0,0
2021-05-02,87,S,0,0.0,51.0,0
2021-05-03,87,S,0,0.0,51.0,0
2021-05-04,87,S,0,0.0,51.0,0
2021-05-05,87,S,0,0.0,50.0,0
2021-05-06,87,S,0,0.0,51.0,0
2021-05-07,87,S,0,0.0,49.0,0
2021-05-08,87,S,0,0.0,50.0,0
2021-05-09,87,S,0,0.0,51.0,0
2021-05-10,87,S,0,0.0,51.0,0
2021-05-11,87,S,0,0.0,51.0,0
2021-05-12,87,S,0,0.0,51.0,0
2021-05-13,87,S,0,0.0,49.0,0
2021-05-14,87,S,0,0.0,49.0,0
2021-05-15,87,S,0,0.0,50.0,1
2021-05-16,87,S,0,0.0,51.0,1
2021-05-17,87,S,0,0.0,52.0,1
2021-05-18,87,S,0,0.0,51.0,1
2021-05-19,87,S,0,0.0,51.0,1
2021-05-20,87,S,0,0.0,52.0,1
2021-05-21,87,S,0,0.0,51.0,1
2021-05-22,87,S,0,0.0,50.0,1
2021-05-23,87,S,0,0.0,49.0,1
2021-05-24,87,S,0,0.0,52.0,1
2021-05-25,87,S,0,0.0,51.0,1
2021-05-26,87,S,0,0.0,50.0,1
2021-05-27,87,S,0,0.0,49.0,1
2021-05-28,87,S,0,0.0,49.0,1
2021-05-29,87,S,0,0.0,50.0,1
2021-05-30,87,S,0,0.0,49.0,1
2021-05-31,87,S,0,0.0,52.0,1
2021-06-01,87,S,0,0.0,52.0,1
2021-05-01,99,S,0,0.0,48.0,0
2021-05-02,99,S,0,0.0,47.0,0
2021-05-03,99,S,0,0.0,46.0,0
2021-05-04,99,S,0,0.0,46.0,0
2021-05-05,99,S,0,0.0,46.0,0
2021-05-06,99,S,0,0.0,47.0,0
2021-05-07,99,S,0,0.0,46.0,0
2021-05-08,99,S,0,0.0,44.0,0
2021-05-09,99,S,0,0.0,45.0,0
2021-05-10,99,S,0,0.0,47.0,0
2021-05-11,99,S,0,0.0,46.0,0
2021-05-12,99,S,0,0.0,46.0,0
2021-05-13,99,S,0,0.0,44.0,0
2021-05-14,99,S,0,0.0,44.0,0
2021-05-15,99,S,0,0.0,46.0,1
2021-05-16,99,S,0,0.0,46.0,1
2021-05-17,99,S,0,0.0,47.0,1
2021-05-18,99,S,0,0.0,46.0,1
2021-05-19,99,S,0,0.0,44.0,1
2021-05-20,99,S,0,0.0,46.0,1
2021-05-21,99,S,0,0.0,46.0,1
2021-05-22,99,S,0,0.0,47.0,1
2021-05-23,99,S,0,0.0,45.0,1
2021-05-24,99,S,0,0.0,47.0,1
2021-05-25,99,S,0,0.0,46.0,1
2021-05-26,99,S,0,0.0,48.0,1
2021-05-27,99,S,0,0.0,45.0,1
2021-05-28,99,S,0,0.0,46.0,1
2021-05-29,99,S,0,0.0,46.0,1
2021-05-30,99,S,0,0.0,45.0,1
2021-05-31,99,S,0,0.0,47.0,1
2021-06-01,99,S,0,0.0,46.0,1
2021-05-01,100,S,1,0.0,49.0,0
2021-05-02,100,S,1,0.0,50.0,0
2021-05-03,100,S,1,0.0,49.0,0
2021-05-04,100,S,1,0.0,50.0,0
2021-05-05,100,S,1,0.0,49.0,0
2021-05-06,100,S,1,0.0,50.0,0
2021-05-07,100,S,1,0.0,48.0,0
2021-05-08,100,S,1,0.0,49.0,0
2021-05-09,100,S,1,0.0,49.0,0
2021-05-10,100,S,1,0.0,50.0,0
2021-05-11,100,S,1,0.0,48.0,0
2021-05-12,100,S,1,0.0,49.0,0
2021-05-13,100,S,1,0.0,51.0,0
2021-05-14,100,S,1,0.0,49.0,0
2021-05-15,100,S,1,0.0,49.0,1
2021-05-16,100,S,1,0.30808023222790837,50.0,1
2021-05-17,100,S,1,0.6161604644558167,51.0,1
2021-05-18,100,S,1,0.924240696683718,51.0,1
2021-05-19,100,S,1,1.2323209289116264,51.0,1
2021-05-20,100,S,1,1.5404011611395347,53.0,1
2021-05-21,100,S,1,1.5404011611395347,51.0,1
2021-05-22,100,S,1,1.5404011611395347,49.0,1
2021-05-23,100,S,1,1.5404011611395347,51.0,1
2021-05-24,100,S,1,1.5404011611395347,51.0,1
2021-05-25,100,S,1,1.5404011611395347,51.0,1
2021-05-26,100,S,1,1.5404011611395347,52.0,1
2021-05-27,100,S,1,1.5404011611395347,51.0,1
2021-05-28,100,S,1,1.5404011611395347,52.0,1
2021-05-29,100,S,1,1.5404011611395347,51.0,1
2021-05-30,100,S,1,1.5404011611395347,50.0,1
2021-05-31,100,S,1,1.5404011611395347,51.0,1
2021-06-01,100,S,1,1.5404011611395347,52.0,1
2021-05-01,102,S,0,0.0,53.0,0
2021-05-02,102,S,0,0.0,51.0,0
2021-05-03,102,S,0,0.0,51.0,0
2021-05-04,102,S,0,0.0,51.0,0
2021-05-05,102,S,0,0.0,50.0,0
2021-05-06,102,S,0,0.0,52.0,0
2021-05-07,102,S,0,0.0,50.0,0
2021-05-08,102,S,0,0.0,50.0,0
2021-05-09,102,S,0,0.0,52.0,0
2021-05-10,102,S,0,0.0,52.0,0
2021-05-11,102,S,0,0.0,50.0,0
2021-05-12,102,S,0,0.0,51.0,0
2021-05-13,102,S,0,0.0,49.0,0
2021-05-14,102,S,0,0.0,49.0,0
2021-05-15,102,S,0,0.0,51.0,1
2021-05-16,102,S,0,0.0,51.0,1
2021-05-17,102,S,0,0.0,52.0,1
2021-05-18,102,S,0,0.0,53.0,1
2021-05-19,102,S,0,0.0,51.0,1
2021-05-20,102,S,0,0.0,53.0,1
2021-05-21,102,S,0,0.0,52.0,1
2021-05-22,102,S,0,0.0,52.0,1
2021-05-23,102,S,0,0.0,52.0,1
2021-05-24,102,S,0,0.0,50.0,1
2021-05-25,102,S,0,0.0,52.0,1
2021-05-26,102,S,0,0.0,51.0,1
2021-05-27,102,S,0,0.0,51.0,1
2021-05-28,102,S,0,0.0,51.0,1
2021-05-29,102,S,0,0.0,51.0,1
2021-05-30,102,S,0,0.0,52.0,1
2021-05-31,102,S,0,0.0,53.0,1
2021-06-01,102,S,0,0.0,53.0,1
2021-05-01,107,S,1,0.0,49.0,0
2021-05-02,107,S,1,0.0,49.0,0
2021-05-03,107,S,1,0.0,50.0,0
2021-05-04,107,S,1,0.0,49.0,0
2021-05-05,107,S,1,0.0,47.0,0
2021-05-06,107,S,1,0.0,50.0,0
2021-05-07,107,S,1,0.0,48.0,0
2021-05-08,107,S,1,0.0,48.0,0
2021-05-09,107,S,1,0.0,48.0,0
2021-05-10,107,S,1,0.0,49.0,0
2021-05-11,107,S,1,0.0,47.0,0
2021-05-12,107,S,1,0.0,48.0,0
2021-05-13,107,S,1,0.0,48.0,0
2021-05-14,107,S,1,0.0,48.0,0
2021-05-15,107,S,1,0.0,49.0,1
2021-05-16,107,S,1,0.131401599603457,49.0,1
2021-05-17,107,S,1,0.26280319920690687,51.0,1
2021-05-18,107,S,1,0.39420479881036385,48.0,1
2021-05-19,107,S,1,0.5256063984138208,50.0,1
2021-05-20,107,S,1,0.6570079980172707,50.0,1
2021-05-21,107,S,1,0.6570079980172707,50.0,1
2021-05-22,107,S,1,0.6570079980172707,50.0,1
2021-05-23,107,S,1,0.6570079980172707,49.0,1
2021-05-24,107,S,1,0.6570079980172707,49.0,1
2021-05-25,107,S,1,0.6570079980172707,50.0,1
2021-05-26,107,S,1,0.6570079980172707,49.0,1
2021-05-27,107,S,1,0.6570079980172707,49.0,1
2021-05-28,107,S,1,0.6570079980172707,48.0,1
2021-05-29,107,S,1,0.6570079980172707,50.0,1
2021-05-30,107,S,1,0.6570079980172707,49.0,1
2021-05-31,107,S,1,0.6570079980172707,50.0,1
2021-06-01,107,S,1,0.6570079980172707,50.0,1
2021-05-01,110,S,0,0.0,49.0,0
2021-05-02,110,S,0,0.0,51.0,0
2021-05-03,110,S,0,0.0,50.0,0
2021-05-04,110,S,0,0.0,49.0,0
2021-05-05,110,S,0,0.0,51.0,0
2021-05-06,110,S,0,0.0,50.0,0
2021-05-07,110,S,0,0.0,50.0,0
2021-05-08,110,S,0,0.0,49.0,0
2021-05-09,110,S,0,0.0,50.0,0
2021-05-10,110,S,0,0.0,51.0,0
2021-05-11,110,S,0,0.0,51.0,0
2021-05-12,110,S,0,0.0,50.0,0
2021-05-13,110,S,0,0.0,49.0,0
2021-05-14,110,S,0,0.0,49.0,0
2021-05-15,110,S,0,0.0,50.0,1
2021-05-16,110,S,0,0.0,48.0,1
2021-05-17,110,S,0,0.0,51.0,1
2021-05-18,110,S,0,0.0,51.0,1
2021-05-19,110,S,0,0.0,49.0,1
2021-05-20,110,S,0,0.0,49.0,1
2021-05-21,110,S,0,0.0,50.0,1
2021-05-22,110,S,0,0.0,49.0,1
2021-05-23,110,S,0,0.0,50.0,1
2021-05-24,110,S,0,0.0,49.0,1
2021-05-25,110,S,0,0.0,51.0,1
2021-05-26,110,S,0,0.0,51.0,1
2021-05-27,110,S,0,0.0,48.0,1
2021-05-28,110,S,0,0.0,49.0,1
2021-05-29,110,S,0,0.0,52.0,1
2021-05-30,110,S,0,0.0,49.0,1
2021-05-31,110,S,0,0.0,51.0,1
2021-06-01,110,S,0,0.0,52.0,1
2021-05-01,111,S,0,0.0,49.0,0
2021-05-02,111,S,0,0.0,50.0,0
2021-05-03,111,S,0,0.0,50.0,0
2021-05-04,111,S,0,0.0,50.0,0
2021-05-05,111,S,0,0.0,50.0,0
2021-05-06,111,S,0,0.0,51.0,0
2021-05-07,111,S,0,0.0,50.0,0
2021-05-08,111,S,0,0.0,49.0,0
2021-05-09,111,S,0,0.0,50.0,0
2021-05-10,111,S,0,0.0,51.0,0
2021-05-11,111,S,0,0.0,49.0,0
2021-05-12,111,S,0,0.0,50.0,0
2021-05-13,111,S,0,0.0,48.0,0
2021-05-14,111,S,0,0.0,49.0,0
2021-05-15,111,S,0,0.0,49.0,1
2021-05-16,111,S,0,0.0,48.0,1
2021-05-17,111,S,0,0.0,51.0,1
2021-05-18,111,S,0,0.0,49.0,1
2021-05-19,111,S,0,0.0,49.0,1
2021-05-20,111,S,0,0.0,50.0,1
2021-05-21,111,S,0,0.0,50.0,1
2021-05-22,111,S,0,0.0,50.0,1
2021-05-23,111,S,0,0.0,52.0,1
2021-05-24,111,S,0,0.0,50.0,1
2021-05-25,111,S,0,0.0,51.0,1
2021-05-26,111,S,0,0.0,49.0,1
2021-05-27,111,S,0,0.0,51.0,1
2021-05-28,111,S,0,0.0,51.0,1
2021-05-29,111,S,0,0.0,50.0,1
2021-05-30,111,S,0,0.0,51.0,1
2021-05-31,111,S,0,0.0,51.0,1
2021-06-01,111,S,0,0.0,51.0,1
2021-05-01,127,S,1,0.0,53.0,0
2021-05-02,127,S,1,0.0,55.0,0
2021-05-03,127,S,1,0.0,54.0,0
2021-05-04,127,S,1,0.0,52.0,0
2021-05-05,127,S,1,0.0,53.0,0
2021-05-06,127,S,1,0.0,54.0,0
2021-05-07,127,S,1,0.0,53.0,0
2021-05-08,127,S,1,0.0,53.0,0
2021-05-09,127,S,1,0.0,53.0,0
2021-05-10,127,S,1,0.0,54.0,0
2021-05-11,127,S,1,0.0,53.0,0
2021-05-12,127,S,1,0.0,54.0,0
2021-05-13,127,S,1,0.0,53.0,0
2021-05-14,127,S,1,0.0,52.0,0
2021-05-15,127,S,1,0.0,53.0,1
2021-05-16,127,S,1,0.10243385027720109,53.0,1
2021-05-17,127,S,1,0.20486770055440928,55.0,1
2021-05-18,127,S,1,0.30730155083161037,53.0,1
2021-05-19,127,S,1,0.40973540110881856,54.0,1
2021-05-20,127,S,1,0.5121692513860197,55.0,1
2021-05-21,127,S,1,0.5121692513860197,54.0,1
2021-05-22,127,S,1,0.5121692513860197,54.0,1
2021-05-23,127,S,1,0.5121692513860197,54.0,1
2021-05-24,127,S,1,0.5121692513860197,55.0,1
2021-05-25,127,S,1,0.5121692513860197,55.0,1
2021-05-26,127,S,1,0.5121692513860197,54.0,1
2021-05-27,127,S,1,0.5121692513860197,54.0,1
2021-05-28,127,S,1,0.5121692513860197,54.0,1
2021-05-29,127,S,1,0.5121692513860197,53.0,1
2021-05-30,127,S,1,0.5121692513860197,53.0,1
2021-05-31,127,S,1,0.5121692513860197,53.0,1
2021-06-01,127,S,1,0.5121692513860197,53.0,1
2021-05-01,137,S,1,0.0,52.0,0
2021-05-02,137,S,1,0.0,53.0,0
2021-05-03,137,S,1,0.0,54.0,0
2021-05-04,137,S,1,0.0,52.0,0
2021-05-05,137,S,1,0.0,53.0,0
2021-05-06,137,S,1,0.0,53.0,0
2021-05-07,137,S,1,0.0,53.0,0
2021-05-08,137,S,1,0.0,52.0,0
2021-05-09,137,S,1,0.0,53.0,0
2021-05-10,137,S,1,0.0,53.0,0
2021-05-11,137,S,1,0.0,53.0,0
2021-05-12,137,S,1,0.0,51.0,0
2021-05-13,137,S,1,0.0,53.0,0
2021-05-14,137,S,1,0.0,50.0,0
2021-05-15,137,S,1,0.0,51.0,1
2021-05-16,137,S,1,0.048589108274541104,52.0,1
2021-05-17,137,S,1,0.09717821654908221,54.0,1
2021-05-18,137,S,1,0.14576732482363042,51.0,1
2021-05-19,137,S,1,0.19435643309817152,53.0,1
2021-05-20,137,S,1,0.24294554137271263,53.0,1
2021-05-21,137,S,1,0.24294554137271263,52.0,1
2021-05-22,137,S,1,0.24294554137271263,53.0,1
2021-05-23,137,S,1,0.24294554137271263,51.0,1
2021-05-24,137,S,1,0.24294554137271263,53.0,1
2021-05-25,137,S,1,0.24294554137271263,53.0,1
2021-05-26,137,S,1,0.24294554137271263,55.0,1
2021-05-27,137,S,1,0.24294554137271263,52.0,1
2021-05-28,137,S,1,0.24294554137271263,53.0,1
2021-05-29,137,S,1,0.24294554137271263,53.0,1
2021-05-30,137,S,1,0.24294554137271263,54.0,1
2021-05-31,137,S,1,0.24294554137271263,52.0,1
2021-06-01,137,S,1,0.24294554137271263,54.0,1
2021-05-01,146,S,1,0.0,52.0,0
2021-05-02,146,S,1,0.0,52.0,0
2021-05-03,146,S,1,0.0,53.0,0
2021-05-04,146,S,1,0.0,50.0,0
2021-05-05,146,S,1,0.0,51.0,0
2021-05-06,146,S,1,0.0,52.0,0
2021-05-07,146,S,1,0.0,51.0,0
2021-05-08,146,S,1,0.0,53.0,0
2021-05-09,146,S,1,0.0,52.0,0
2021-05-10,146,S,1,0.0,52.0,0
2021-05-11,146,S,1,0.0,52.0,0
2021-05-12,146,S,1,0.0,51.0,0
2021-05-13,146,S,1,0.0,50.0,0
2021-05-14,146,S,1,0.0,49.0,0
2021-05-15,146,S,1,0.0,50.0,1
2021-05-16,146,S,1,0.09194129174159826,51.0,1
2021-05-17,146,S,1,0.18388258348319653,51.0,1
2021-05-18,146,S,1,0.2758238752247948,51.0,1
2021-05-19,146,S,1,0.36776516696639305,53.0,1
2021-05-20,146,S,1,0.4597064587079913,53.0,1
2021-05-21,146,S,1,0.4597064587079913,51.0,1
2021-05-22,146,S,1,0.4597064587079913,51.0,1
2021-05-23,146,S,1,0.4597064587079913,52.0,1
2021-05-24,146,S,1,0.4597064587079913,52.0,1
2021-05-25,146,S,1,0.4597064587079913,52.0,1
2021-05-26,146,S,1,0.4597064587079913,51.0,1
2021-05-27,146,S,1,0.4597064587079913,51.0,1
2021-05-28,146,S,1,0.4597064587079913,51.0,1
2021-05-29,146,S,1,0.4597064587079913,53.0,1
2021-05-30,146,S,1,0.4597064587079913,52.0,1
2021-05-31,146,S,1,0.4597064587079913,54.0,1
2021-06-01,146,S,1,0.4597064587079913,52.0,1
2021-05-01,151,S,0,0.0,52.0,0
2021-05-02,151,S,0,0.0,52.0,0
2021-05-03,151,S,0,0.0,52.0,0
2021-05-04,151,S,0,0.0,52.0,0
2021-05-05,151,S,0,0.0,53.0,0
2021-05-06,151,S,0,0.0,53.0,0
2021-05-07,151,S,0,0.0,51.0,0
2021-05-08,151,S,0,0.0,51.0,0
2021-05-09,151,S,0,0.0,52.0,0
2021-05-10,151,S,0,0.0,53.0,0
2021-05-11,151,S,0,0.0,52.0,0
2021-05-12,151,S,0,0.0,52.0,0
2021-05-13,151,S,0,0.0,52.0,0
2021-05-14,151,S,0,0.0,51.0,0
2021-05-15,151,S,0,0.0,51.0,1
2021-05-16,151,S,0,0.0,52.0,1
2021-05-17,151,S,0,0.0,54.0,1
2021-05-18,151,S,0,0.0,53.0,1
2021-05-19,151,S,0,0.0,49.0,1
2021-05-20,151,S,0,0.0,52.0,1
2021-05-21,151,S,0,0.0,51.0,1
2021-05-22,151,S,0,0.0,52.0,1
2021-05-23,151,S,0,0.0,52.0,1
2021-05-24,151,S,0,0.0,53.0,1
2021-05-25,151,S,0,0.0,53.0,1
2021-05-26,151,S,0,0.0,52.0,1
2021-05-27,151,S,0,0.0,52.0,1
2021-05-28,151,S,0,0.0,52.0,1
2021-05-29,151,S,0,0.0,53.0,1
2021-05-30,151,S,0,0.0,53.0,1
2021-05-31,151,S,0,0.0,53.0,1
2021-06-01,151,S,0,0.0,52.0,1
2021-05-01,153,S,0,0.0,50.0,0
2021-05-02,153,S,0,0.0,49.0,0
2021-05-03,153,S,0,0.0,50.0,0
2021-05-04,153,S,0,0.0,51.0,0
2021-05-05,153,S,0,0.0,50.0,0
2021-05-06,153,S,0,0.0,50.0,0
2021-05-07,153,S,0,0.0,51.0,0
2021-05-08,153,S,0,0.0,48.0,0
2021-05-09,153,S,0,0.0,50.0,0
2021-05-10,153,S,0,0.0,52.0,0
2021-05-11,153,S,0,0.0,50.0,0
2021-05-12,153,S,0,0.0,50.0,0
2021-05-13,153,S,0,0.0,48.0,0
2021-05-14,153,S,0,0.0,49.0,0
2021-05-15,153,S,0,0.0,50.0,1
2021-05-16,153,S,0,0.0,48.0,1
2021-05-17,153,S,0,0.0,52.0,1
2021-05-18,153,S,0,0.0,49.0,1
2021-05-19,153,S,0,0.0,50.0,1
2021-05-20,153,S,0,0.0,51.0,1
2021-05-21,153,S,0,0.0,50.0,1
2021-05-22,153,S,0,0.0,50.0,1
2021-05-23,153,S,0,0.0,51.0,1
2021-05-24,153,S,0,0.0,50.0,1
2021-05-25,153,S,0,0.0,49.0,1
2021-05-26,153,S,0,0.0,50.0,1
2021-05-27,153,S,0,0.0,48.0,1
2021-05-28,153,S,0,0.0,49.0,1
2021-05-29,153,S,0,0.0,49.0,1
2021-05-30,153,S,0,0.0,49.0,1
2021-05-31,153,S,0,0.0,51.0,1
2021-06-01,153,S,0,0.0,49.0,1
2021-05-01,159,S,0,0.0,49.0,0
2021-05-02,159,S,0,0.0,49.0,0
2021-05-03,159,S,0,0.0,48.0,0
2021-05-04,159,S,0,0.0,49.0,0
2021-05-05,159,S,0,0.0,49.0,0
2021-05-06,159,S,0,0.0,50.0,0
2021-05-07,159,S,0,0.0,50.0,0
2021-05-08,159,S,0,0.0,48.0,0
2021-05-09,159,S,0,0.0,50.0,0
2021-05-10,159,S,0,0.0,49.0,0
2021-05-11,159,S,0,0.0,49.0,0
2021-05-12,159,S,0,0.0,49.0,0
2021-05-13,159,S,0,0.0,48.0,0
2021-05-14,159,S,0,0.0,48.0,0
2021-05-15,159,S,0,0.0,48.0,1
2021-05-16,159,S,0,0.0,48.0,1
2021-05-17,159,S,0,0.0,52.0,1
2021-05-18,159,S,0,0.0,49.0,1
2021-05-19,159,S,0,0.0,47.0,1
2021-05-20,159,S,0,0.0,49.0,1
2021-05-21,159,S,0,0.0,50.0,1
2021-05-22,159,S,0,0.0,49.0,1
2021-05-23,159,S,0,0.0,49.0,1
2021-05-24,159,S,0,0.0,48.0,1
2021-05-25,159,S,0,0.0,50.0,1
2021-05-26,159,S,0,0.0,49.0,1
2021-05-27,159,S,0,0.0,49.0,1
2021-05-28,159,S,0,0.0,49.0,1
2021-05-29,159,S,0,0.0,48.0,1
2021-05-30,159,S,0,0.0,49.0,1
2021-05-31,159,S,0,0.0,49.0,1
2021-06-01,159,S,0,0.0,50.0,1
2021-05-01,163,S,0,0.0,47.0,0
2021-05-02,163,S,0,0.0,51.0,0
2021-05-03,163,S,0,0.0,49.0,0
2021-05-04,163,S,0,0.0,50.0,0
2021-05-05,163,S,0,0.0,49.0,0
2021-05-06,163,S,0,0.0,50.0,0
2021-05-07,163,S,0,0.0,49.0,0
2021-05-08,163,S,0,0.0,49.0,0
2021-05-09,163,S,0,0.0,50.0,0
2021-05-10,163,S,0,0.0,51.0,0
2021-05-11,163,S,0,0.0,49.0,0
2021-05-12,163,S,0,0.0,49.0,0
2021-05-13,163,S,0,0.0,49.0,0
2021-05-14,163,S,0,0.0,48.0,0
2021-05-15,163,S,0,0.0,49.0,1
2021-05-16,163,S,0,0.0,50.0,1
2021-05-17,163,S,0,0.0,50.0,1
2021-05-18,163,S,0,0.0,49.0,1
2021-05-19,163,S,0,0.0,48.0,1
2021-05-20,163,S,0,0.0,49.0,1
2021-05-21,163,S,0,0.0,49.0,1
2021-05-22,163,S,0,0.0,49.0,1
2021-05-23,163,S,0,0.0,51.0,1
2021-05-24,163,S,0,0.0,51.0,1
2021-05-25,163,S,0,0.0,50.0,1
2021-05-26,163,S,0,0.0,50.0,1
2021-05-27,163,S,0,0.0,50.0,1
2021-05-28,163,S,0,0.0,50.0,1
2021-05-29,163,S,0,0.0,50.0,1
2021-05-30,163,S,0,0.0,50.0,1
2021-05-31,163,S,0,0.0,49.0,1
2021-06-01,163,S,0,0.0,49.0,1
2021-05-01,168,S,0,0.0,52.0,0
2021-05-02,168,S,0,0.0,52.0,0
2021-05-03,168,S,0,0.0,53.0,0
2021-05-04,168,S,0,0.0,51.0,0
2021-05-05,168,S,0,0.0,53.0,0
2021-05-06,168,S,0,0.0,53.0,0
2021-05-07,168,S,0,0.0,53.0,0
2021-05-08,168,S,0,0.0,52.0,0
2021-05-09,168,S,0,0.0,52.0,0
2021-05-10,168,S,0,0.0,53.0,0
2021-05-11,168,S,0,0.0,52.0,0
2021-05-12,168,S,0,0.0,52.0,0
2021-05-13,168,S,0,0.0,51.0,0
2021-05-14,168,S,0,0.0,52.0,0
2021-05-15,168,S,0,0.0,52.0,1
2021-05-16,168,S,0,0.0,52.0,1
2021-05-17,168,S,0,0.0,53.0,1
2021-05-18,168,S,0,0.0,53.0,1
2021-05-19,168,S,0,0.0,52.0,1
2021-05-20,168,S,0,0.0,53.0,1
2021-05-21,168,S,0,0.0,52.0,1
2021-05-22,168,S,0,0.0,52.0,1
2021-05-23,168,S,0,0.0,52.0,1
2021-05-24,168,S,0,0.0,52.0,1
2021-05-25,168,S,0,0.0,53.0,1
2021-05-26,168,S,0,0.0,52.0,1
2021-05-27,168,S,0,0.0,54.0,1
2021-05-28,168,S,0,0.0,53.0,1
2021-05-29,168,S,0,0.0,53.0,1
2021-05-30,168,S,0,0.0,51.0,1
2021-05-31,168,S,0,0.0,53.0,1
2021-06-01,168,S,0,0.0,52.0,1
2021-05-01,173,S,0,0.0,48.0,0
2021-05-02,173,S,0,0.0,49.0,0
2021-05-03,173,S,0,0.0,50.0,0
2021-05-04,173,S,0,0.0,49.0,0
2021-05-05,173,S,0,0.0,48.0,0
2021-05-06,173,S,0,0.0,48.0,0
2021-05-07,173,S,0,0.0,49.0,0
2021-05-08,173,S,0,0.0,47.0,0
2021-05-09,173,S,0,0.0,49.0,0
2021-05-10,173,S,0,0.0,51.0,0
2021-05-11,173,S,0,0.0,48.0,0
2021-05-12,173,S,0,0.0,47.0,0
2021-05-13,173,S,0,0.0,48.0,0
2021-05-14,173,S,0,0.0,48.0,0
2021-05-15,173,S,0,0.0,49.0,1
2021-05-16,173,S,0,0.0,48.0,1
2021-05-17,173,S,0,0.0,49.0,1
2021-05-18,173,S,0,0.0,49.0,1
2021-05-19,173,S,0,0.0,48.0,1
2021-05-20,173,S,0,0.0,49.0,1
2021-05-21,173,S,0,0.0,49.0,1
2021-05-22,173,S,0,0.0,50.0,1
2021-05-23,173,S,0,0.0,50.0,1
2021-05-24,173,S,0,0.0,50.0,1
2021-05-25,173,S,0,0.0,49.0,1
2021-05-26,173,S,0,0.0,48.0,1
2021-05-27,173,S,0,0.0,48.0,1
2021-05-28,173,S,0,0.0,49.0,1
2021-05-29,173,S,0,0.0,50.0,1
2021-05-30,173,S,0,0.0,47.0,1
2021-05-31,173,S,0,0.0,49.0,1
2021-06-01,173,S,0,0.0,49.0,1
2021-05-01,175,S,0,0.0,50.0,0
2021-05-02,175,S,0,0.0,50.0,0
2021-05-03,175,S,0,0.0,52.0,0
2021-05-04,175,S,0,0.0,51.0,0
2021-05-05,175,S,0,0.0,49.0,0
2021-05-06,175,S,0,0.0,52.0,0
2021-05-07,175,S,0,0.0,50.0,0
2021-05-08,175,S,0,0.0,50.0,0
2021-05-09,175,S,0,0.0,51.0,0
2021-05-10,175,S,0,0.0,53.0,0
2021-05-11,175,S,0,0.0,51.0,0
2021-05-12,175,S,0,0.0,52.0,0
2021-05-13,175,S,0,0.0,50.0,0
2021-05-14,175,S,0,0.0,51.0,0
2021-05-15,175,S,0,0.0,51.0,1
2021-05-16,175,S,0,0.0,48.0,1
2021-05-17,175,S,0,0.0,53.0,1
2021-05-18,175,S,0,0.0,51.0,1
2021-05-19,175,S,0,0.0,50.0,1
2021-05-20,175,S,0,0.0,50.0,1
2021-05-21,175,S,0,0.0,51.0,1
2021-05-22,175,S,0,0.0,50.0,1
2021-05-23,175,S,0,0.0,51.0,1
2021-05-24,175,S,0,0.0,51.0,1
2021-05-25,175,S,0,0.0,50.0,1
2021-05-26,175,S,0,0.0,51.0,1
2021-05-27,175,S,0,0.0,50.0,1
2021-05-28,175,S,0,0.0,51.0,1
2021-05-29,175,S,0,0.0,51.0,1
2021-05-30,175,S,0,0.0,50.0,1
2021-05-31,175,S,0,0.0,50.0,1
2021-06-01,175,S,0,0.0,51.0,1
2021-05-01,177,S,0,0.0,50.0,0
2021-05-02,177,S,0,0.0,50.0,0
2021-05-03,177,S,0,0.0,49.0,0
2021-05-04,177,S,0,0.0,48.0,0
2021-05-05,177,S,0,0.0,49.0,0
2021-05-06,177,S,0,0.0,50.0,0
2021-05-07,177,S,0,0.0,50.0,0
2021-05-08,177,S,0,0.0,49.0,0
2021-05-09,177,S,0,0.0,50.0,0
2021-05-10,177,S,0,0.0,50.0,0
2021-05-11,177,S,0,0.0,49.0,0
2021-05-12,177,S,0,0.0,50.0,0
2021-05-13,177,S,0,0.0,50.0,0
2021-05-14,177,S,0,0.0,47.0,0
2021-05-15,177,S,0,0.0,50.0,1
2021-05-16,177,S,0,0.0,49.0,1
2021-05-17,177,S,0,0.0,52.0,1
2021-05-18,177,S,0,0.0,49.0,1
2021-05-19,177,S,0,0.0,48.0,1
2021-05-20,177,S,0,0.0,51.0,1
2021-05-21,177,S,0,0.0,49.0,1
2021-05-22,177,S,0,0.0,49.0,1
2021-05-23,177,S,0,0.0,49.0,1
2021-05-24,177,S,0,0.0,51.0,1
2021-05-25,177,S,0,0.0,48.0,1
2021-05-26,177,S,0,0.0,50.0,1
2021-05-27,177,S,0,0.0,49.0,1
2021-05-28,177,S,0,0.0,49.0,1
2021-05-29,177,S,0,0.0,49.0,1
2021-05-30,177,S,0,0.0,49.0,1
2021-05-31,177,S,0,0.0,51.0,1
2021-06-01,177,S,0,0.0,49.0,1
2021-05-01,179,S,0,0.0,51.0,0
2021-05-02,179,S,0,0.0,50.0,0
2021-05-03,179,S,0,0.0,50.0,0
2021-05-04,179,S,0,0.0,49.0,0
2021-05-05,179,S,0,0.0,48.0,0
2021-05-06,179,S,0,0.0,49.0,0
2021-05-07,179,S,0,0.0,49.0,0
2021-05-08,179,S,0,0.0,49.0,0
2021-05-09,179,S,0,0.0,51.0,0
2021-05-10,179,S,0,0.0,51.0,0
2021-05-11,179,S,0,0.0,49.0,0
2021-05-12,179,S,0,0.0,51.0,0
2021-05-13,179,S,0,0.0,49.0,0
2021-05-14,179,S,0,0.0,48.0,0
2021-05-15,179,S,0,0.0,50.0,1
2021-05-16,179,S,0,0.0,51.0,1
2021-05-17,179,S,0,0.0,51.0,1
2021-05-18,179,S,0,0.0,50.0,1
2021-05-19,179,S,0,0.0,48.0,1
2021-05-20,179,S,0,0.0,50.0,1
2021-05-21,179,S,0,0.0,51.0,1
2021-05-22,179,S,0,0.0,50.0,1
2021-05-23,179,S,0,0.0,51.0,1
2021-05-24,179,S,0,0.0,52.0,1
2021-05-25,179,S,0,0.0,52.0,1
2021-05-26,179,S,0,0.0,51.0,1
2021-05-27,179,S,0,0.0,50.0,1
2021-05-28,179,S,0,0.0,49.0,1
2021-05-29,179,S,0,0.0,50.0,1
2021-05-30,179,S,0,0.0,49.0,1
2021-05-31,179,S,0,0.0,51.0,1
2021-06-01,179,S,0,0.0,50.0,1
2021-05-01,183,S,0,0.0,52.0,0
2021-05-02,183,S,0,0.0,51.0,0
2021-05-03,183,S,0,0.0,50.0,0
2021-05-04,183,S,0,0.0,49.0,0
2021-05-05,183,S,0,0.0,50.0,0
2021-05-06,183,S,0,0.0,51.0,0
2021-05-07,183,S,0,0.0,50.0,0
2021-05-08,183,S,0,0.0,50.0,0
2021-05-09,183,S,0,0.0,52.0,0
2021-05-10,183,S,0,0.0,53.0,0
2021-05-11,183,S,0,0.0,51.0,0
2021-05-12,183,S,0,0.0,48.0,0
2021-05-13,183,S,0,0.0,50.0,0
2021-05-14,183,S,0,0.0,50.0,0
2021-05-15,183,S,0,0.0,50.0,1
2021-05-16,183,S,0,0.0,52.0,1
2021-05-17,183,S,0,0.0,52.0,1
2021-05-18,183,S,0,0.0,50.0,1
2021-05-19,183,S,0,0.0,50.0,1
2021-05-20,183,S,0,0.0,51.0,1
2021-05-21,183,S,0,0.0,50.0,1
2021-05-22,183,S,0,0.0,49.0,1
2021-05-23,183,S,0,0.0,52.0,1
2021-05-24,183,S,0,0.0,51.0,1
2021-05-25,183,S,0,0.0,51.0,1
2021-05-26,183,S,0,0.0,51.0,1
2021-05-27,183,S,0,0.0,51.0,1
2021-05-28,183,S,0,0.0,49.0,1
2021-05-29,183,S,0,0.0,51.0,1
2021-05-30,183,S,0,0.0,50.0,1
2021-05-31,183,S,0,0.0,51.0,1
2021-06-01,183,S,0,0.0,51.0,1
2021-05-01,186,S,0,0.0,49.0,0
2021-05-02,186,S,0,0.0,48.0,0
2021-05-03,186,S,0,0.0,50.0,0
2021-05-04,186,S,0,0.0,48.0,0
2021-05-05,186,S,0,0.0,48.0,0
2021-05-06,186,S,0,0.0,48.0,0
2021-05-07,186,S,0,0.0,48.0,0
2021-05-08,186,S,0,0.0,49.0,0
2021-05-09,186,S,0,0.0,48.0,0
2021-05-10,186,S,0,0.0,49.0,0
2021-05-11,186,S,0,0.0,47.0,0
2021-05-12,186,S,0,0.0,47.0,0
2021-05-13,186,S,0,0.0,48.0,0
2021-05-14,186,S,0,0.0,47.0,0
2021-05-15,186,S,0,0.0,49.0,1
2021-05-16,186,S,0,0.0,48.0,1
2021-05-17,186,S,0,0.0,49.0,1
2021-05-18,186,S,0,0.0,49.0,1
2021-05-19,186,S,0,0.0,49.0,1
2021-05-20,186,S,0,0.0,49.0,1
2021-05-21,186,S,0,0.0,48.0,1
2021-05-22,186,S,0,0.0,48.0,1
2021-05-23,186,S,0,0.0,47.0,1
2021-05-24,186,S,0,0.0,49.0,1
2021-05-25,186,S,0,0.0,49.0,1
2021-05-26,186,S,0,0.0,47.0,1
2021-05-27,186,S,0,0.0,47.0,1
2021-05-28,186,S,0,0.0,48.0,1
2021-05-29,186,S,0,0.0,48.0,1
2021-05-30,186,S,0,0.0,48.0,1
2021-05-31,186,S,0,0.0,49.0,1
2021-06-01,186,S,0,0.0,49.0,1
2021-05-01,187,S,0,0.0,50.0,0
2021-05-02,187,S,0,0.0,52.0,0
2021-05-03,187,S,0,0.0,51.0,0
2021-05-04,187,S,0,0.0,50.0,0
2021-05-05,187,S,0,0.0,50.0,0
2021-05-06,187,S,0,0.0,51.0,0
2021-05-07,187,S,0,0.0,49.0,0
2021-05-08,187,S,0,0.0,50.0,0
2021-05-09,187,S,0,0.0,50.0,0
2021-05-10,187,S,0,0.0,51.0,0
2021-05-11,187,S,0,0.0,49.0,0
2021-05-12,187,S,0,0.0,49.0,0
2021-05-13,187,S,0,0.0,49.0,0
2021-05-14,187,S,0,0.0,49.0,0
2021-05-15,187,S,0,0.0,49.0,1
2021-05-16,187,S,0,0.0,48.0,1
2021-05-17,187,S,0,0.0,52.0,1
2021-05-18,187,S,0,0.0,51.0,1
2021-05-19,187,S,0,0.0,49.0,1
2021-05-20,187,S,0,0.0,50.0,1
2021-05-21,187,S,0,0.0,50.0,1
2021-05-22,187,S,0,0.0,49.0,1
2021-05-23,187,S,0,0.0,49.0,1
2021-05-24,187,S,0,0.0,51.0,1
2021-05-25,187,S,0,0.0,49.0,1
2021-05-26,187,S,0,0.0,50.0,1
2021-05-27,187,S,0,0.0,48.0,1
2021-05-28,187,S,0,0.0,50.0,1
2021-05-29,187,S,0,0.0,50.0,1
2021-05-30,187,S,0,0.0,48.0,1
2021-05-31,187,S,0,0.0,51.0,1
2021-06-01,187,S,0,0.0,49.0,1
2021-05-01,189,S,1,0.0,47.0,0
2021-05-02,189,S,1,0.0,48.0,0
2021-05-03,189,S,1,0.0,47.0,0
2021-05-04,189,S,1,0.0,49.0,0
2021-05-05,189,S,1,0.0,48.0,0
2021-05-06,189,S,1,0.0,49.0,0
2021-05-07,189,S,1,0.0,49.0,0
2021-05-08,189,S,1,0.0,47.0,0
2021-05-09,189,S,1,0.0,48.0,0
2021-05-10,189,S,1,0.0,50.0,0
2021-05-11,189,S,1,0.0,49.0,0
2021-05-12,189,S,1,0.0,48.0,0
2021-05-13,189,S,1,0.0,46.0,0
2021-05-14,189,S,1,0.0,46.0,0
2021-05-15,189,S,1,0.0,45.0,1
2021-05-16,189,S,1,0.41653709355675517,48.0,1
2021-05-17,189,S,1,0.8330741871135103,49.0,1
2021-05-18,189,S,1,1.2496112806702655,49.0,1
2021-05-19,189,S,1,1.6661483742270136,48.0,1
2021-05-20,189,S,1,2.0826854677837687,52.0,1
2021-05-21,189,S,1,2.0826854677837687,50.0,1
2021-05-22,189,S,1,2.0826854677837687,50.0,1
2021-05-23,189,S,1,2.0826854677837687,50.0,1
2021-05-24,189,S,1,2.0826854677837687,52.0,1
2021-05-25,189,S,1,2.0826854677837687,51.0,1
2021-05-26,189,S,1,2.0826854677837687,50.0,1
2021-05-27,189,S,1,2.0826854677837687,49.0,1
2021-05-28,189,S,1,2.0826854677837687,49.0,1
2021-05-29,189,S,1,2.0826854677837687,49.0,1
2021-05-30,189,S,1,2.0826854677837687,50.0,1
2021-05-31,189,S,1,2.0826854677837687,51.0,1
2021-06-01,189,S,1,2.0826854677837687,51.0,1
2021-05-01,190,S,0,0.0,49.0,0
2021-05-02,190,S,0,0.0,51.0,0
2021-05-03,190,S,0,0.0,51.0,0
2021-05-04,190,S,0,0.0,50.0,0
2021-05-05,190,S,0,0.0,51.0,0
2021-05-06,190,S,0,0.0,50.0,0
2021-05-07,190,S,0,0.0,52.0,0
2021-05-08,190,S,0,0.0,50.0,0
2021-05-09,190,S,0,0.0,52.0,0
2021-05-10,190,S,0,0.0,52.0,0
2021-05-11,190,S,0,0.0,51.0,0
2021-05-12,190,S,0,0.0,50.0,0
2021-05-13,190,S,0,0.0,51.0,0
2021-05-14,190,S,0,0.0,50.0,0
2021-05-15,190,S,0,0.0,50.0,1
2021-05-16,190,S,0,0.0,50.0,1
2021-05-17,190,S,0,0.0,52.0,1
2021-05-18,190,S,0,0.0,51.0,1
2021-05-19,190,S,0,0.0,50.0,1
2021-05-20,190,S,0,0.0,52.0,1
2021-05-21,190,S,0,0.0,51.0,1
2021-05-22,190,S,0,0.0,52.0,1
2021-05-23,190,S,0,0.0,50.0,1
2021-05-24,190,S,0,0.0,51.0,1
2021-05-25,190,S,0,0.0,50.0,1
2021-05-26,190,S,0,0.0,50.0,1
2021-05-27,190,S,0,0.0,50.0,1
2021-05-28,190,S,0,0.0,51.0,1
2021-05-29,190,S,0,0.0,53.0,1
2021-05-30,190,S,0,0.0,50.0,1
2021-05-31,190,S,0,0.0,53.0,1
2021-06-01,190,S,0,0.0,51.0,1
2021-05-01,192,S,0,0.0,49.0,0
2021-05-02,192,S,0,0.0,49.0,0
2021-05-03,192,S,0,0.0,48.0,0
2021-05-04,192,S,0,0.0,48.0,0
2021-05-05,192,S,0,0.0,49.0,0
2021-05-06,192,S,0,0.0,49.0,0
2021-05-07,192,S,0,0.0,49.0,0
2021-05-08,192,S,0,0.0,47.0,0
2021-05-09,192,S,0,0.0,50.0,0
2021-05-10,192,S,0,0.0,49.0,0
2021-05-11,192,S,0,0.0,49.0,0
2021-05-12,192,S,0,0.0,49.0,0
2021-05-13,192,S,0,0.0,47.0,0
2021-05-14,192,S,0,0.0,47.0,0
2021-05-15,192,S,0,0.0,48.0,1
2021-05-16,192,S,0,0.0,49.0,1
2021-05-17,192,S,0,0.0,49.0,1
2021-05-18,192,S,0,0.0,49.0,1
2021-05-19,192,S,0,0.0,48.0,1
2021-05-20,192,S,0,0.0,50.0,1
2021-05-21,192,S,0,0.0,50.0,1
2021-05-22,192,S,0,0.0,49.0,1
2021-05-23,192,S,0,0.0,49.0,1
2021-05-24,192,S,0,0.0,49.0,1
2021-05-25,192,S,0,0.0,49.0,1
2021-05-26,192,S,0,0.0,49.0,1
2021-05-27,192,S,0,0.0,47.0,1
2021-05-28,192,S,0,0.0,50.0,1
2021-05-29,192,S,0,0.0,48.0,1
2021-05-30,192,S,0,0.0,50.0,1
2021-05-31,192,S,0,0.0,51.0,1
2021-06-01,192,S,0,0.0,49.0,1
2021-05-01,193,S,0,0.0,50.0,0
2021-05-02,193,S,0,0.0,51.0,0
2021-05-03,193,S,0,0.0,51.0,0
2021-05-04,193,S,0,0.0,51.0,0
2021-05-05,193,S,0,0.0,50.0,0
2021-05-06,193,S,0,0.0,50.0,0
2021-05-07,193,S,0,0.0,49.0,0
2021-05-08,193,S,0,0.0,50.0,0
2021-05-09,193,S,0,0.0,51.0,0
2021-05-10,193,S,0,0.0,51.0,0
2021-05-11,193,S,0,0.0,50.0,0
2021-05-12,193,S,0,0.0,51.0,0
2021-05-13,193,S,0,0.0,51.0,0
2021-05-14,193,S,0,0.0,51.0,0
2021-05-15,193,S,0,0.0,51.0,1
2021-05-16,193,S,0,0.0,51.0,1
2021-05-17,193,S,0,0.0,51.0,1
2021-05-18,193,S,0,0.0,50.0,1
2021-05-19,193,S,0,0.0,50.0,1
2021-05-20,193,S,0,0.0,52.0,1
2021-05-21,193,S,0,0.0,50.0,1
2021-05-22,193,S,0,0.0,50.0,1
2021-05-23,193,S,0,0.0,49.0,1
2021-05-24,193,S,0,0.0,51.0,1
2021-05-25,193,S,0,0.0,51.0,1
2021-05-26,193,S,0,0.0,51.0,1
2021-05-27,193,S,0,0.0,50.0,1
2021-05-28,193,S,0,0.0,51.0,1
2021-05-29,193,S,0,0.0,51.0,1
2021-05-30,193,S,0,0.0,50.0,1
2021-05-31,193,S,0,0.0,51.0,1
2021-06-01,193,S,0,0.0,52.0,1
2021-05-01,195,S,0,0.0,52.0,0
2021-05-02,195,S,0,0.0,55.0,0
2021-05-03,195,S,0,0.0,53.0,0
2021-05-04,195,S,0,0.0,54.0,0
2021-05-05,195,S,0,0.0,53.0,0
2021-05-06,195,S,0,0.0,53.0,0
2021-05-07,195,S,0,0.0,53.0,0
2021-05-08,195,S,0,0.0,52.0,0
2021-05-09,195,S,0,0.0,54.0,0
2021-05-10,195,S,0,0.0,54.0,0
2021-05-11,195,S,0,0.0,54.0,0
2021-05-12,195,S,0,0.0,54.0,0
2021-05-13,195,S,0,0.0,53.0,0
2021-05-14,195,S,0,0.0,53.0,0
2021-05-15,195,S,0,0.0,53.0,1
2021-05-16,195,S,0,0.0,53.0,1
2021-05-17,195,S,0,0.0,55.0,1
2021-05-18,195,S,0,0.0,55.0,1
2021-05-19,195,S,0,0.0,53.0,1
2021-05-20,195,S,0,0.0,54.0,1
2021-05-21,195,S,0,0.0,53.0,1
2021-05-22,195,S,0,0.0,55.0,1
2021-05-23,195,S,0,0.0,54.0,1
2021-05-24,195,S,0,0.0,54.0,1
2021-05-25,195,S,0,0.0,55.0,1
2021-05-26,195,S,0,0.0,54.0,1
2021-05-27,195,S,0,0.0,53.0,1
2021-05-28,195,S,0,0.0,54.0,1
2021-05-29,195,S,0,0.0,54.0,1
2021-05-30,195,S,0,0.0,52.0,1
2021-05-31,195,S,0,0.0,53.0,1
2021-06-01,195,S,0,0.0,54.0,1
2021-05-01,196,S,0,0.0,52.0,0
2021-05-02,196,S,0,0.0,53.0,0
2021-05-03,196,S,0,0.0,54.0,0
2021-05-04,196,S,0,0.0,51.0,0
2021-05-05,196,S,0,0.0,52.0,0
2021-05-06,196,S,0,0.0,52.0,0
2021-05-07,196,S,0,0.0,53.0,0
2021-05-08,196,S,0,0.0,50.0,0
2021-05-09,196,S,0,0.0,53.0,0
2021-05-10,196,S,0,0.0,53.0,0
2021-05-11,196,S,0,0.0,53.0,0
2021-05-12,196,S,0,0.0,53.0,0
2021-05-13,196,S,0,0.0,51.0,0
2021-05-14,196,S,0,0.0,51.0,0
2021-05-15,196,S,0,0.0,52.0,1
2021-05-16,196,S,0,0.0,52.0,1
2021-05-17,196,S,0,0.0,54.0,1
2021-05-18,196,S,0,0.0,53.0,1
2021-05-19,196,S,0,0.0,51.0,1
2021-05-20,196,S,0,0.0,53.0,1
2021-05-21,196,S,0,0.0,52.0,1
2021-05-22,196,S,0,0.0,52.0,1
2021-05-23,196,S,0,0.0,51.0,1
2021-05-24,196,S,0,0.0,53.0,1
2021-05-25,196,S,0,0.0,52.0,1
2021-05-26,196,S,0,0.0,52.0,1
2021-05-27,196,S,0,0.0,53.0,1
2021-05-28,196,S,0,0.0,51.0,1
2021-05-29,196,S,0,0.0,51.0,1
2021-05-30,196,S,0,0.0,52.0,1
2021-05-31,196,S,0,0.0,54.0,1
2021-06-01,196,S,0,0.0,54.0,1
2021-05-01,197,S,1,0.0,51.0,0
2021-05-02,197,S,1,0.0,52.0,0
2021-05-03,197,S,1,0.0,53.0,0
2021-05-04,197,S,1,0.0,50.0,0
2021-05-05,197,S,1,0.0,52.0,0
2021-05-06,197,S,1,0.0,52.0,0
2021-05-07,197,S,1,0.0,51.0,0
2021-05-08,197,S,1,0.0,50.0,0
2021-05-09,197,S,1,0.0,49.0,0
2021-05-10,197,S,1,0.0,52.0,0
2021-05-11,197,S,1,0.0,52.0,0
2021-05-12,197,S,1,0.0,51.0,0
2021-05-13,197,S,1,0.0,50.0,0
2021-05-14,197,S,1,0.0,50.0,0
2021-05-15,197,S,1,0.0,51.0,1
2021-05-16,197,S,1,0.35424657427417827,50.0,1
2021-05-17,197,S,1,0.7084931485483494,52.0,1
2021-05-18,197,S,1,1.0627397228225277,52.0,1
2021-05-19,197,S,1,1.4169862970966989,51.0,1
2021-05-20,197,S,1,1.7712328713708771,54.0,1
2021-05-21,197,S,1,1.7712328713708771,53.0,1
2021-05-22,197,S,1,1.7712328713708771,54.0,1
2021-05-23,197,S,1,1.7712328713708771,52.0,1
2021-05-24,197,S,1,1.7712328713708771,54.0,1
2021-05-25,197,S,1,1.7712328713708771,54.0,1
2021-05-26,197,S,1,1.7712328713708771,52.0,1
2021-05-27,197,S,1,1.7712328713708771,52.0,1
2021-05-28,197,S,1,1.7712328713708771,53.0,1
2021-05-29,197,S,1,1.7712328713708771,52.0,1
2021-05-30,197,S,1,1.7712328713708771,54.0,1
2021-05-31,197,S,1,1.7712328713708771,53.0,1
2021-06-01,197,S,1,1.7712328713708771,55.0,1
