store,weeks_to_xmas,avg_week_sales,is_on_sale,weekly_amount_sold
1,3,12.98,1,219.6
1,2,12.98,1,184.7
1,1,12.98,1,145.75
1,0,12.98,0,102.45
2,3,19.92,0,103.22
2,2,19.92,0,53.73
2,1,19.92,0,13.84
2,0,19.92,0,0.0
3,3,18.54,0,97.02
3,2,18.54,0,54.72
3,1,18.54,0,24.6
3,0,18.54,0,0.0
4,3,20.52,1,115.38
4,2,20.52,0,53.7
4,1,20.52,1,59.95
4,0,20.52,0,0.0
5,3,17.27,0,162.6
5,2,17.27,0,128.74
5,1,17.27,0,99.84
5,0,17.27,0,35.63
6,3,20.07,1,55.79
6,2,20.07,0,0.0
6,1,20.07,0,0.0
6,0,20.07,0,0.0
7,3,28.18,1,334.23
7,2,28.18,0,220.62
7,1,28.18,1,203.68
7,0,28.18,1,153.11
8,3,20.55,0,96.5
8,2,20.55,0,54.1
8,1,20.55,0,14.76
8,0,20.55,0,0.0
9,3,22.9,1,218.92
9,2,22.9,0,126.14
9,1,22.9,1,131.76
9,0,22.9,0,39.04
10,3,16.49,0,108.97
10,2,16.49,0,46.93
10,1,16.49,1,77.35
10,0,16.49,0,1.73
11,3,20.48,1,250.99
11,2,20.48,1,206.36
11,1,20.48,0,126.57
11,0,20.48,0,96.85
12,3,25.0,1,130.5
12,2,25.0,1,39.39
12,1,25.0,0,0.0
12,0,25.0,0,0.0
13,3,20.24,0,122.01
13,2,20.24,1,124.66
13,1,20.24,0,32.28
13,0,20.24,0,0.0
14,3,28.55,1,220.8
14,2,28.55,1,178.96
14,1,28.55,1,106.75
14,0,28.55,1,63.78
15,3,26.05,1,265.06
15,2,26.05,1,234.25
15,1,26.05,1,172.04
15,0,26.05,1,122.44
16,3,17.11,1,119.88
16,2,17.11,0,6.72
16,1,17.11,0,0.0
16,0,17.11,0,0.0
17,3,27.77,1,245.78
17,2,27.77,1,167.03
17,1,27.77,1,120.15
17,0,27.77,1,71.28
18,3,16.3,1,111.93
18,2,16.3,0,28.43
18,1,16.3,1,30.74
18,0,16.3,0,0.0
19,3,18.57,0,124.0
19,2,18.57,1,133.58
19,1,18.57,0,54.02
19,0,18.57,0,27.26
20,3,21.41,0,167.15
20,2,21.41,1,185.38
20,1,21.41,0,83.39
20,0,21.41,0,49.14
21,3,22.86,1,134.0
21,2,22.86,1,113.93
21,1,22.86,0,8.25
21,0,22.86,1,15.02
22,3,18.14,0,187.41
22,2,18.14,0,138.41
22,1,18.14,0,109.2
22,0,18.14,1,118.63
23,3,17.84,0,144.92
23,2,17.84,1,185.79
23,1,17.84,1,134.51
23,0,17.84,0,32.47
24,3,16.6,1,180.6
24,2,16.6,0,111.54
24,1,16.6,0,75.5
24,0,16.6,1,67.85
25,3,11.35,0,117.02
25,2,11.35,1,152.79
25,1,11.35,1,126.55
25,0,11.35,0,50.12
26,3,13.05,1,78.59
26,2,13.05,0,29.4
26,1,13.05,0,0.0
26,0,13.05,0,0.0
27,3,26.07,0,169.61
27,2,26.07,1,177.24
27,1,26.07,0,69.33
27,0,26.07,1,48.86
28,3,14.98,0,62.98
28,2,14.98,1,69.35
28,1,14.98,1,20.33
28,0,14.98,0,0.0
29,3,24.5,1,193.36
29,2,24.5,1,158.35
29,1,24.5,1,107.57
29,0,24.5,1,48.18
30,3,13.82,1,168.43
30,2,13.82,0,87.47
30,1,13.82,0,71.87
30,0,13.82,0,36.82
31,3,18.7,1,128.14
31,2,18.7,0,41.41
31,1,18.7,0,0.0
31,0,18.7,1,13.4
32,3,26.93,1,222.3
32,2,26.93,1,147.26
32,1,26.93,0,54.1
32,0,26.93,1,67.04
33,3,23.7,1,160.81
33,2,23.7,0,69.51
33,1,23.7,1,90.1
33,0,23.7,1,26.8
34,3,19.05,1,139.04
34,2,19.05,0,40.06
34,1,19.05,1,49.55
34,0,19.05,0,0.0
35,3,13.26,1,105.0
35,2,13.26,0,12.24
35,1,13.26,1,45.97
35,0,13.26,0,0.0
36,3,42.96,1,340.51
36,2,42.96,1,248.49
36,1,42.96,1,167.35
36,0,42.96,1,91.38
37,3,22.69,1,134.13
37,2,22.69,0,38.52
37,1,22.69,1,37.3
37,0,22.69,1,5.49
38,3,20.15,0,139.36
38,2,20.15,1,155.85
38,1,20.15,0,70.08
38,0,20.15,1,69.1
39,3,17.7,1,252.23
39,2,17.7,0,165.81
39,1,17.7,0,122.79
39,0,17.7,0,108.51
40,3,22.66,1,234.57
40,2,22.66,0,122.69
40,1,22.66,1,153.78
40,0,22.66,1,104.43
41,3,20.3,1,182.05
41,2,20.3,1,136.92
41,1,20.3,1,99.29
41,0,20.3,0,0.0
42,3,22.03,1,156.08
42,2,22.03,1,108.96
42,1,22.03,0,24.1
42,0,22.03,1,0.0
43,3,21.37,0,99.56
43,2,21.37,1,115.46
43,1,21.37,0,10.74
43,0,21.37,0,0.0
44,3,19.02,1,255.1
44,2,19.02,1,210.21
44,1,19.02,1,178.06
44,0,19.02,0,88.33
45,3,18.86,1,151.65
45,2,18.86,1,125.63
45,1,18.86,1,86.75
45,0,18.86,0,13.0
46,3,24.96,1,200.96
46,2,24.96,1,124.51
46,1,24.96,0,29.01
46,0,24.96,1,32.11
47,3,15.13,1,165.05
47,2,15.13,1,120.46
47,1,15.13,1,111.71
47,0,15.13,0,1.33
48,3,19.37,1,281.93
48,2,19.37,1,230.06
48,1,19.37,1,194.48
48,0,19.37,1,166.23
49,3,25.28,1,234.07
49,2,25.28,1,167.0
49,1,25.28,1,123.27
49,0,25.28,1,75.97
50,3,19.54,0,161.51
50,2,19.54,1,168.65
50,1,19.54,0,79.88
50,0,19.54,0,42.28
51,3,20.3,1,193.35
51,2,20.3,0,98.05
51,1,20.3,0,68.81
51,0,20.3,0,30.87
52,3,10.49,0,43.76
52,2,10.49,0,18.38
52,1,10.49,0,19.19
52,0,10.49,0,0.0
53,3,17.14,1,104.21
53,2,17.14,0,25.03
53,1,17.14,0,0.0
53,0,17.14,0,0.0
54,3,18.33,0,102.28
54,2,18.33,1,129.24
54,1,18.33,0,26.28
54,0,18.33,0,0.0
55,3,22.02,1,175.74
55,2,22.02,0,76.97
55,1,22.02,0,44.61
55,0,22.02,1,53.78
56,3,28.27,1,270.4
56,2,28.27,1,224.97
56,1,28.27,0,125.06
56,0,28.27,1,89.09
57,3,22.75,1,249.27
57,2,22.75,1,184.94
57,1,22.75,1,143.8
57,0,22.75,1,117.3
58,3,24.37,1,279.62
58,2,24.37,1,203.51
58,1,24.37,1,156.95
58,0,24.37,1,115.57
59,3,15.28,0,113.34
59,2,15.28,1,135.11
59,1,15.28,0,38.78
59,0,15.28,0,16.81
60,3,21.95,0,198.08
60,2,21.95,1,188.82
60,1,21.95,1,139.28
60,0,21.95,1,115.44
61,3,13.87,1,114.21
61,2,13.87,0,0.0
61,1,13.87,0,0.0
61,0,13.87,0,0.0
62,3,17.46,1,216.47
62,2,17.46,0,142.52
62,1,17.46,1,157.97
62,0,17.46,0,73.21
63,3,14.27,0,113.9
63,2,14.27,1,134.35
63,1,14.27,1,125.91
63,0,14.27,0,20.31
64,3,26.94,1,223.79
64,2,26.94,1,187.78
64,1,26.94,1,115.08
64,0,26.94,1,69.66
65,3,23.36,1,232.71
65,2,23.36,1,164.75
65,1,23.36,0,86.33
65,0,23.36,0,39.63
66,3,16.86,1,171.05
66,2,16.86,0,75.66
66,1,16.86,0,43.07
66,0,16.86,0,3.5
67,3,25.62,0,226.26
67,2,25.62,1,231.46
67,1,25.62,1,176.71
67,0,25.62,1,112.66
68,3,15.35,1,232.0
68,2,15.35,1,189.42
68,1,15.35,0,120.94
68,0,15.35,0,77.07
69,3,21.46,1,285.75
69,2,21.46,1,265.48
69,1,21.46,1,196.78
69,0,21.46,0,128.53
70,3,12.64,0,0.0
70,2,12.64,0,0.0
70,1,12.64,0,0.0
70,0,12.64,0,0.0
71,3,23.86,0,76.19
71,2,23.86,1,95.02
71,1,23.86,1,6.55
71,0,23.86,1,0.0
72,3,20.52,0,100.49
72,2,20.52,1,118.06
72,1,20.52,0,18.79
72,0,20.52,0,0.0
73,3,23.15,0,163.72
73,2,23.15,0,110.7
73,1,23.15,1,126.03
73,0,23.15,0,26.38
74,3,13.7,0,125.87
74,2,13.7,0,103.95
74,1,13.7,1,122.44
74,0,13.7,0,67.88
75,3,19.49,0,131.53
75,2,19.49,0,116.3
75,1,19.49,1,115.05
75,0,19.49,0,18.41
76,3,18.67,1,70.65
76,2,18.67,1,21.01
76,1,18.67,0,0.0
76,0,18.67,0,0.0
77,3,17.15,0,91.2
77,2,17.15,1,114.81
77,1,17.15,0,29.61
77,0,17.15,0,0.0
78,3,22.02,1,238.1
78,2,22.02,0,154.01
78,1,22.02,1,149.54
78,0,22.02,0,56.21
79,3,24.37,1,208.39
79,2,24.37,1,183.04
79,1,24.37,1,115.47
79,0,24.37,1,72.61
80,3,24.81,1,256.28
80,2,24.81,1,213.01
80,1,24.81,0,114.81
80,0,24.81,0,49.7
81,3,15.41,0,91.72
81,2,15.41,0,49.13
81,1,15.41,0,43.33
81,0,15.41,0,0.0
82,3,23.1,1,186.99
82,2,23.1,0,78.19
82,1,23.1,0,60.29
82,0,23.1,1,61.42
83,3,17.49,1,157.3
83,2,17.49,1,140.62
83,1,17.49,1,99.06
83,0,17.49,1,74.64
84,3,18.94,1,187.69
84,2,18.94,1,129.58
84,1,18.94,1,126.81
84,0,18.94,1,68.68
85,3,27.51,1,238.04
85,2,27.51,1,184.98
85,1,27.51,1,113.7
85,0,27.51,1,68.7
86,3,25.52,0,166.61
86,2,25.52,1,176.86
86,1,25.52,1,112.15
86,0,25.52,1,88.36
87,3,24.8,1,176.74
87,2,24.8,0,79.41
87,1,24.8,1,83.01
87,0,24.8,1,12.2
88,3,19.85,0,154.8
88,2,19.85,0,109.38
88,1,19.85,1,125.78
88,0,19.85,0,43.25
89,3,19.2,0,118.64
89,2,19.2,1,146.11
89,1,19.2,0,57.66
89,0,19.2,0,19.92
90,3,9.7,0,113.56
90,2,9.7,1,143.33
90,1,9.7,0,64.6
90,0,9.7,0,53.71
91,3,22.9,1,266.01
91,2,22.9,1,218.52
91,1,22.9,1,181.97
91,0,22.9,0,69.39
92,3,17.62,1,182.28
92,2,17.62,1,147.75
92,1,17.62,1,101.84
92,0,17.62,0,16.77
93,3,15.37,1,120.3
93,2,15.37,0,44.92
93,1,15.37,0,1.05
93,0,15.37,0,0.0
94,3,21.1,0,107.35
94,2,21.1,0,49.32
94,1,21.1,1,101.41
94,0,21.1,1,26.39
95,3,21.54,1,204.26
95,2,21.54,1,172.73
95,1,21.54,0,83.13
95,0,21.54,0,37.22
96,3,23.73,1,188.81
96,2,23.73,1,170.49
96,1,23.73,1,92.01
96,0,23.73,0,38.62
97,3,21.11,0,124.87
97,2,21.11,1,140.41
97,1,21.11,1,90.54
97,0,21.11,0,19.01
98,3,19.58,1,179.77
98,2,19.58,0,87.13
98,1,19.58,1,113.09
98,0,19.58,1,57.14
99,3,21.48,0,125.7
99,2,21.48,1,125.63
99,1,21.48,0,29.15
99,0,21.48,0,0.0
100,3,15.57,1,180.51
100,2,15.57,1,141.41
100,1,15.57,0,70.57
100,0,15.57,1,94.88
101,3,29.47,1,223.35
101,2,29.47,1,176.93
101,1,29.47,1,95.58
101,0,29.47,1,56.53
102,3,14.12,0,148.0
102,2,14.12,1,178.9
102,1,14.12,1,137.2
102,0,14.12,0,84.93
103,3,23.19,0,162.6
103,2,23.19,1,190.44
103,1,23.19,0,82.44
103,0,23.19,1,96.53
104,3,20.3,0,155.53
104,2,20.3,1,142.53
104,1,20.3,1,137.86
104,0,20.3,0,36.45
105,3,15.84,1,95.38
105,2,15.84,1,86.67
105,1,15.84,0,0.0
105,0,15.84,0,0.0
106,3,18.87,0,131.24
106,2,18.87,1,162.43
106,1,18.87,1,87.26
106,0,18.87,0,21.51
107,3,18.5,1,205.7
107,2,18.5,0,120.24
107,1,18.5,0,68.65
107,0,18.5,1,87.33
108,3,19.09,1,119.99
108,2,19.09,0,44.3
108,1,19.09,0,8.63
108,0,19.09,0,0.0
109,3,14.88,1,138.21
109,2,14.88,1,91.58
109,1,14.88,0,33.1
109,0,14.88,0,0.0
110,3,17.7,1,177.52
110,2,17.7,1,142.68
110,1,17.7,0,50.27
110,0,17.7,0,6.02
111,3,19.4,0,47.13
111,2,19.4,1,72.84
111,1,19.4,0,0.0
111,0,19.4,0,0.0
112,3,26.82,1,244.61
112,2,26.82,1,165.02
112,1,26.82,1,154.35
112,0,26.82,1,78.73
113,3,14.27,0,122.46
113,2,14.27,0,104.87
113,1,14.27,0,82.73
113,0,14.27,0,43.91
114,3,26.03,1,166.67
114,2,26.03,1,145.03
114,1,26.03,1,63.58
114,0,26.03,0,0.0
115,3,17.15,1,186.79
115,2,17.15,0,90.46
115,1,17.15,0,44.27
115,0,17.15,0,18.1
116,3,11.11,0,0.0
116,2,11.11,1,39.24
116,1,11.11,0,0.0
116,0,11.11,0,0.0
117,3,20.97,0,136.19
117,2,20.97,0,105.2
117,1,20.97,1,97.82
117,0,20.97,0,0.0
118,3,27.09,1,140.84
118,2,27.09,1,88.98
118,1,27.09,1,37.71
118,0,27.09,1,0.0
119,3,21.08,0,213.67
119,2,21.08,1,203.36
119,1,21.08,1,168.71
119,0,21.08,0,50.14
120,3,18.82,0,156.61
120,2,18.82,0,86.1
120,1,18.82,1,120.81
120,0,18.82,1,79.62
121,3,24.17,1,190.54
121,2,24.17,0,101.04
121,1,24.17,1,116.87
121,0,24.17,1,58.64
122,3,17.52,0,73.55
122,2,17.52,1,95.33
122,1,17.52,0,0.0
122,0,17.52,1,20.64
123,3,19.75,1,240.46
123,2,19.75,1,195.57
123,1,19.75,0,112.58
123,0,19.75,1,140.22
124,3,20.15,1,272.73
124,2,20.15,1,240.82
124,1,20.15,0,148.09
124,0,20.15,0,101.77
125,3,19.8,1,86.64
125,2,19.8,0,0.0
125,1,19.8,0,0.0
125,0,19.8,1,0.0
126,3,24.27,0,224.34
126,2,24.27,1,217.11
126,1,24.27,1,173.4
126,0,24.27,0,73.44
127,3,23.06,0,221.76
127,2,23.06,1,229.86
127,1,23.06,1,180.86
127,0,23.06,0,87.99
128,3,18.03,0,118.64
128,2,18.03,1,141.78
128,1,18.03,0,73.2
128,0,18.03,0,18.86
129,3,15.5,1,84.51
129,2,15.5,0,9.72
129,1,15.5,0,0.0
129,0,15.5,0,0.0
130,3,9.96,1,158.38
130,2,9.96,1,125.66
130,1,9.96,1,117.69
130,0,9.96,0,35.7
131,3,14.76,0,86.86
131,2,14.76,0,47.85
131,1,14.76,0,14.8
131,0,14.76,0,9.92
132,3,13.54,0,44.29
132,2,13.54,0,19.28
132,1,13.54,0,0.0
132,0,13.54,0,0.0
133,3,17.07,1,79.08
133,2,17.07,0,12.35
133,1,17.07,0,0.0
133,0,17.07,0,0.0
134,3,22.12,1,226.08
134,2,22.12,1,178.54
134,1,22.12,0,92.5
134,0,22.12,0,39.04
135,3,19.68,0,170.22
135,2,19.68,1,174.21
135,1,19.68,0,92.65
135,0,19.68,0,52.66
136,3,27.3,0,163.69
136,2,27.3,0,108.58
136,1,27.3,1,92.41
136,0,27.3,1,25.3
137,3,19.67,1,187.64
137,2,19.67,0,109.99
137,1,19.67,1,120.89
137,0,19.67,0,50.54
138,3,25.98,1,144.3
138,2,25.98,1,92.15
138,1,25.98,1,58.99
138,0,25.98,1,22.63
139,3,17.78,1,199.9
139,2,17.78,0,126.73
139,1,17.78,1,123.71
139,0,17.78,1,81.98
140,3,15.74,0,102.79
140,2,15.74,1,108.9
140,1,15.74,0,75.15
140,0,15.74,0,7.52
141,3,16.71,1,129.94
141,2,16.71,0,74.84
141,1,16.71,0,42.34
141,0,16.71,0,0.0
142,3,27.31,1,227.66
142,2,27.31,1,174.45
142,1,27.31,0,67.63
142,0,27.31,1,53.2
143,3,15.0,0,138.41
143,2,15.0,0,116.54
143,1,15.0,1,130.25
143,0,15.0,0,66.27
144,3,15.22,0,125.08
144,2,15.22,1,135.63
144,1,15.22,0,81.78
144,0,15.22,0,31.89
145,3,28.21,0,220.89
145,2,28.21,1,198.11
145,1,28.21,0,97.31
145,0,28.21,1,77.49
146,3,21.96,1,219.5
146,2,21.96,1,134.4
146,1,21.96,0,62.37
146,0,21.96,0,3.95
147,3,20.74,0,140.88
147,2,20.74,0,102.07
147,1,20.74,0,48.34
147,0,20.74,1,68.96
148,3,11.61,1,165.74
148,2,11.61,0,71.67
148,1,11.61,1,111.4
148,0,11.61,0,38.97
149,3,18.07,0,145.04
149,2,18.07,1,140.04
149,1,18.07,1,110.86
149,0,18.07,0,30.21
150,3,24.21,1,254.77
150,2,24.21,0,137.88
150,1,24.21,0,102.58
150,0,24.21,1,103.89
151,3,20.09,1,165.18
151,2,20.09,0,88.17
151,1,20.09,0,40.32
151,0,20.09,1,38.44
152,3,16.1,0,0.0
152,2,16.1,0,0.0
152,1,16.1,0,0.0
152,0,16.1,1,0.0
153,3,15.81,1,216.01
153,2,15.81,1,171.83
153,1,15.81,1,139.04
153,0,15.81,0,63.66
154,3,22.83,0,255.64
154,2,22.83,1,265.16
154,1,22.83,1,232.45
154,0,22.83,0,120.37
155,3,15.16,0,127.25
155,2,15.16,0,87.92
155,1,15.16,1,100.36
155,0,15.16,0,38.75
156,3,18.12,1,170.79
156,2,18.12,0,81.04
156,1,18.12,0,30.77
156,0,18.12,0,3.77
157,3,21.99,1,191.78
157,2,21.99,1,117.73
157,1,21.99,0,58.39
157,0,21.99,1,46.48
158,3,16.3,0,97.53
158,2,16.3,0,56.66
158,1,16.3,0,32.4
158,0,16.3,0,0.0
159,3,19.89,1,160.83
159,2,19.89,0,97.57
159,1,19.89,0,64.68
159,0,19.89,0,13.2
160,3,17.14,1,104.37
160,2,17.14,1,65.52
160,1,17.14,0,0.0
160,0,17.14,0,0.0
161,3,23.74,1,181.28
161,2,23.74,1,143.72
161,1,23.74,1,81.79
161,0,23.74,0,0.0
162,3,21.62,0,91.64
162,2,21.62,1,97.81
162,1,21.62,1,69.66
162,0,21.62,0,0.0
163,3,19.89,1,206.33
163,2,19.89,0,106.11
163,1,19.89,1,97.21
163,0,19.89,1,77.47
164,3,25.0,0,142.43
164,2,25.0,1,151.04
164,1,25.0,0,28.58
164,0,25.0,0,0.72
165,3,16.71,1,194.59
165,2,16.71,1,142.43
165,1,16.71,1,115.1
165,0,16.71,0,38.93
166,3,23.5,1,190.71
166,2,23.5,1,127.83
166,1,23.5,0,51.61
166,0,23.5,1,47.65
167,3,23.33,1,249.49
167,2,23.33,1,210.54
167,1,23.33,1,167.44
167,0,23.33,0,59.03
168,3,19.26,0,147.44
168,2,19.26,0,95.29
168,1,19.26,0,59.62
168,0,19.26,0,3.96
169,3,18.63,0,232.07
169,2,18.63,0,164.69
169,1,18.63,1,205.66
169,0,18.63,1,156.92
170,3,16.5,0,30.73
170,2,16.5,1,27.0
170,1,16.5,1,2.4
170,0,16.5,0,0.0
171,3,29.07,1,222.93
171,2,29.07,1,148.6
171,1,29.07,1,76.81
171,0,29.07,1,34.83
172,3,17.25,1,213.76
172,2,17.25,0,104.13
172,1,17.25,0,84.0
172,0,17.25,0,49.67
173,3,15.32,0,214.29
173,2,15.32,1,253.91
173,1,15.32,0,146.28
173,0,15.32,0,133.91
174,3,32.28,0,228.9
174,2,32.28,1,200.44
174,1,32.28,0,69.71
174,0,32.28,1,50.69
175,3,20.78,1,198.79
175,2,20.78,0,76.74
175,1,20.78,1,113.31
175,0,20.78,0,10.5
176,3,18.26,1,134.84
176,2,18.26,0,72.86
176,1,18.26,0,27.94
176,0,18.26,1,49.32
177,3,19.53,0,206.54
177,2,19.53,1,193.04
177,1,19.53,0,125.54
177,0,19.53,1,127.14
178,3,19.13,0,99.65
178,2,19.13,0,54.51
178,1,19.13,0,33.01
178,0,19.13,0,2.62
179,3,16.8,1,203.17
179,2,16.8,0,101.24
179,1,16.8,0,74.11
179,0,16.8,0,44.03
180,3,15.3,1,120.06
180,2,15.3,0,51.33
180,1,15.3,0,28.5
180,0,15.3,0,0.0
181,3,19.33,0,74.71
181,2,19.33,1,83.97
181,1,19.33,0,0.0
181,0,19.33,1,0.0
182,3,19.59,1,179.68
182,2,19.59,0,96.67
182,1,19.59,0,71.17
182,0,19.59,1,68.16
183,3,17.12,1,186.97
183,2,17.12,1,151.24
183,1,17.12,0,77.03
183,0,17.12,0,25.12
184,3,20.32,1,252.69
184,2,20.32,1,202.05
184,1,20.32,0,105.11
184,0,20.32,1,109.08
185,3,22.31,1,195.03
185,2,22.31,0,77.2
185,1,22.31,0,39.27
185,0,22.31,0,0.0
186,3,19.01,0,99.44
186,2,19.01,0,41.55
186,1,19.01,0,18.8
186,0,19.01,0,0.0
187,3,24.01,1,237.13
187,2,24.01,1,183.83
187,1,24.01,0,93.42
187,0,24.01,1,96.23
188,3,17.79,1,162.49
188,2,17.79,0,102.33
188,1,17.79,0,62.87
188,0,17.79,1,84.5
189,3,20.5,1,208.65
189,2,20.5,1,151.09
189,1,20.5,1,133.59
189,0,20.5,1,76.47
190,3,27.07,1,217.03
190,2,27.07,1,191.3
190,1,27.07,0,61.86
190,0,27.07,1,38.79
191,3,22.82,1,277.32
191,2,22.82,1,208.23
191,1,22.82,0,106.29
191,0,22.82,0,68.77
192,3,22.48,1,219.71
192,2,22.48,1,178.38
192,1,22.48,0,89.51
192,0,22.48,1,87.13
193,3,31.69,1,358.41
193,2,31.69,1,286.82
193,1,31.69,1,221.62
193,0,31.69,1,170.02
194,3,18.73,1,222.5
194,2,18.73,1,187.1
194,1,18.73,1,156.84
194,0,18.73,0,56.71
195,3,24.55,1,253.83
195,2,24.55,1,189.26
195,1,24.55,0,90.59
195,0,24.55,1,89.27
196,3,22.09,0,59.43
196,2,22.09,0,5.39
196,1,22.09,0,0.0
196,0,22.09,0,0.0
197,3,17.63,1,189.82
197,2,17.63,1,171.28
197,1,17.63,1,135.12
197,0,17.63,0,41.68
198,3,22.8,1,217.44
198,2,22.8,1,169.21
198,1,22.8,0,68.51
198,0,22.8,0,12.76
199,3,32.52,1,301.33
199,2,32.52,1,239.9
199,1,32.52,1,187.12
199,0,32.52,0,49.83
200,3,22.52,1,262.92
200,2,22.52,0,151.67
200,1,22.52,1,159.24
200,0,22.52,0,65.89
201,3,18.16,0,107.03
201,2,18.16,0,65.86
201,1,18.16,0,12.62
201,0,18.16,0,0.0
202,3,21.92,1,231.78
202,2,21.92,0,147.24
202,1,21.92,1,136.75
202,0,21.92,1,109.04
203,3,14.11,0,52.09
203,2,14.11,0,21.88
203,1,14.11,0,0.0
203,0,14.11,0,0.0
204,3,20.87,1,286.28
204,2,20.87,1,238.55
204,1,20.87,0,159.49
204,0,20.87,1,177.1
205,3,18.53,0,54.25
205,2,18.53,0,21.25
205,1,18.53,0,0.0
205,0,18.53,1,0.0
206,3,24.75,0,74.8
206,2,24.75,0,44.23
206,1,24.75,0,0.0
206,0,24.75,0,0.0
207,3,13.01,1,58.71
207,2,13.01,1,22.22
207,1,13.01,0,0.0
207,0,13.01,1,0.0
208,3,19.89,0,70.47
208,2,19.89,0,33.78
208,1,19.89,1,61.4
208,0,19.89,0,0.0
209,3,22.69,1,164.86
209,2,22.69,1,86.5
209,1,22.69,0,11.34
209,0,22.69,1,14.07
210,3,20.41,0,237.4
210,2,20.41,0,197.1
210,1,20.41,0,145.89
210,0,20.41,1,161.35
211,3,23.32,1,196.03
211,2,23.32,1,156.51
211,1,23.32,0,28.11
211,0,23.32,1,53.01
212,3,20.09,0,68.69
212,2,20.09,0,36.02
212,1,20.09,1,34.55
212,0,20.09,0,0.0
213,3,20.03,1,233.85
213,2,20.03,1,198.76
213,1,20.03,0,115.8
213,0,20.03,0,55.17
214,3,17.7,1,139.43
214,2,17.7,0,53.08
214,1,17.7,0,23.77
214,0,17.7,0,0.0
215,3,28.24,1,182.68
215,2,28.24,1,113.02
215,1,28.24,1,49.56
215,0,28.24,1,15.7
216,3,21.49,1,225.26
216,2,21.49,1,208.81
216,1,21.49,1,151.05
216,0,21.49,0,51.3
217,3,18.83,1,207.05
217,2,18.83,0,115.11
217,1,18.83,1,143.38
217,0,18.83,0,44.07
218,3,13.55,1,106.9
218,2,13.55,0,44.14
218,1,13.55,0,10.71
218,0,13.55,0,0.0
219,3,22.35,1,267.92
219,2,22.35,1,237.77
219,1,22.35,1,178.11
219,0,22.35,1,131.73
220,3,21.94,1,199.19
220,2,21.94,1,162.03
220,1,21.94,0,76.08
220,0,21.94,0,13.77
221,3,13.76,0,176.94
221,2,13.76,0,144.67
221,1,13.76,1,147.35
221,0,13.76,0,87.47
222,3,22.51,1,226.32
222,2,22.51,1,181.63
222,1,22.51,1,134.22
222,0,22.51,1,77.23
223,3,23.16,1,268.96
223,2,23.16,0,179.88
223,1,23.16,0,145.61
223,0,23.16,1,135.86
224,3,29.49,0,220.32
224,2,29.49,1,194.61
224,1,29.49,1,135.21
224,0,29.49,1,69.68
225,3,17.1,1,89.89
225,2,17.1,1,65.1
225,1,17.1,0,0.0
225,0,17.1,0,0.0
226,3,25.28,1,337.43
226,2,25.28,1,293.57
226,1,25.28,1,253.08
226,0,25.28,1,191.15
227,3,24.8,1,191.66
227,2,24.8,1,136.66
227,1,24.8,0,42.41
227,0,24.8,1,31.96
228,3,23.21,0,153.54
228,2,23.21,0,82.57
228,1,23.21,0,56.67
228,0,23.21,0,0.0
229,3,22.94,1,179.07
229,2,22.94,1,116.2
229,1,22.94,1,73.18
229,0,22.94,0,0.0
230,3,17.97,1,151.76
230,2,17.97,0,53.49
230,1,17.97,1,56.7
230,0,17.97,1,43.07
231,3,14.91,1,146.28
231,2,14.91,0,81.18
231,1,14.91,0,45.19
231,0,14.91,0,8.19
232,3,26.44,1,235.91
232,2,26.44,1,201.37
232,1,26.44,1,139.41
232,0,26.44,1,76.25
233,3,22.46,1,247.65
233,2,22.46,1,195.13
233,1,22.46,0,94.76
233,0,22.46,0,54.76
234,3,18.42,1,244.59
234,2,18.42,1,237.39
234,1,18.42,0,132.98
234,0,18.42,1,153.41
235,3,16.05,0,86.63
235,2,16.05,1,98.57
235,1,16.05,0,18.31
235,0,16.05,0,0.0
236,3,27.83,1,171.77
236,2,27.83,1,122.69
236,1,27.83,1,71.13
236,0,27.83,1,1.99
237,3,23.74,0,98.82
237,2,23.74,1,108.84
237,1,23.74,1,57.59
237,0,23.74,1,0.3
238,3,18.68,0,77.34
238,2,18.68,0,47.38
238,1,18.68,0,0.0
238,0,18.68,0,0.0
239,3,13.51,1,51.9
239,2,13.51,0,0.0
239,1,13.51,0,0.0
239,0,13.51,0,0.0
240,3,24.09,0,220.25
240,2,24.09,0,131.62
240,1,24.09,1,148.96
240,0,24.09,1,86.98
241,3,24.19,0,143.04
241,2,24.19,1,129.98
241,1,24.19,0,29.8
241,0,24.19,0,4.71
242,3,24.8,1,204.38
242,2,24.8,0,98.08
242,1,24.8,1,104.21
242,0,24.8,1,64.71
243,3,18.75,1,169.15
243,2,18.75,0,76.76
243,1,18.75,0,58.54
243,0,18.75,0,16.93
244,3,20.29,0,71.47
244,2,20.29,1,102.69
244,1,20.29,0,0.0
244,0,20.29,0,0.0
245,3,14.02,1,101.02
245,2,14.02,0,25.25
245,1,14.02,0,0.0
245,0,14.02,0,0.0
246,3,25.59,1,243.71
246,2,25.59,1,191.16
246,1,25.59,1,173.67
246,0,25.59,0,56.0
247,3,15.05,0,119.66
247,2,15.05,0,102.69
247,1,15.05,0,77.39
247,0,15.05,0,30.3
248,3,18.83,1,127.26
248,2,18.83,0,73.3
248,1,18.83,1,75.0
248,0,18.83,0,0.0
249,3,20.72,1,275.24
249,2,20.72,0,185.23
249,1,20.72,0,156.37
249,0,20.72,0,109.26
250,3,15.75,1,102.34
250,2,15.75,0,0.9
250,1,15.75,1,37.18
250,0,15.75,1,0.0
251,3,17.85,0,87.57
251,2,17.85,1,119.5
251,1,17.85,1,83.38
251,0,17.85,0,0.0
252,3,21.72,0,118.68
252,2,21.72,0,64.51
252,1,21.72,1,94.11
252,0,21.72,1,39.77
253,3,25.09,0,39.88
253,2,25.09,0,0.0
253,1,25.09,0,0.0
253,0,25.09,1,0.0
254,3,18.3,1,251.0
254,2,18.3,0,197.01
254,1,18.3,0,133.64
254,0,18.3,1,160.08
255,3,14.28,0,113.68
255,2,14.28,0,70.4
255,1,14.28,0,65.13
255,0,14.28,1,62.83
256,3,14.46,1,91.96
256,2,14.46,1,86.49
256,1,14.46,0,0.0
256,0,14.46,1,10.37
257,3,20.0,1,288.27
257,2,20.0,0,184.02
257,1,20.0,0,172.15
257,0,20.0,1,164.72
258,3,21.11,1,233.69
258,2,21.11,0,114.53
258,1,21.11,1,140.24
258,0,21.11,1,101.2
259,3,15.98,1,186.86
259,2,15.98,1,123.27
259,1,15.98,0,51.13
259,0,15.98,0,39.28
260,3,16.17,1,137.13
260,2,16.17,1,91.76
260,1,16.17,0,9.24
260,0,16.17,0,0.0
261,3,11.13,0,64.5
261,2,11.13,1,126.97
261,1,11.13,1,69.08
261,0,11.13,0,12.67
262,3,10.06,1,39.25
262,2,10.06,1,3.11
262,1,10.06,0,0.0
262,0,10.06,1,0.0
263,3,17.84,0,153.25
263,2,17.84,0,129.93
263,1,17.84,0,83.43
263,0,17.84,1,103.49
264,3,22.35,0,126.95
264,2,22.35,1,138.24
264,1,22.35,0,27.28
264,0,22.35,1,58.79
265,3,15.66,0,105.85
265,2,15.66,0,81.49
265,1,15.66,1,73.67
265,0,15.66,0,0.0
266,3,18.87,0,184.08
266,2,18.87,0,151.1
266,1,18.87,1,161.99
266,0,18.87,0,72.01
267,3,18.7,1,200.08
267,2,18.7,1,149.81
267,1,18.7,0,54.42
267,0,18.7,0,18.97
268,3,17.41,1,150.95
268,2,17.41,1,134.72
268,1,17.41,0,39.95
268,0,17.41,0,25.32
269,3,17.92,1,189.22
269,2,17.92,0,83.35
269,1,17.92,1,108.11
269,0,17.92,0,22.46
270,3,21.43,1,159.7
270,2,21.43,0,54.65
270,1,21.43,0,14.93
270,0,21.43,0,0.0
271,3,23.03,1,256.22
271,2,23.03,1,186.46
271,1,23.03,0,82.39
271,0,23.03,1,103.31
272,3,11.2,1,205.51
272,2,11.2,1,178.78
272,1,11.2,0,90.2
272,0,11.2,1,135.75
273,3,19.36,1,218.44
273,2,19.36,0,129.96
273,1,19.36,0,81.55
273,0,19.36,0,59.34
274,3,18.99,1,231.2
274,2,18.99,1,162.02
274,1,18.99,1,140.77
274,0,18.99,0,45.26
275,3,10.73,0,9.06
275,2,10.73,1,33.96
275,1,10.73,0,0.0
275,0,10.73,1,1.11
276,3,13.7,1,91.47
276,2,13.7,0,25.27
276,1,13.7,0,0.0
276,0,13.7,0,0.0
277,3,16.05,0,52.74
277,2,16.05,1,38.56
277,1,16.05,1,13.19
277,0,16.05,0,0.0
278,3,22.26,1,265.84
278,2,22.26,1,211.64
278,1,22.26,1,191.68
278,0,22.26,0,72.85
279,3,27.18,0,182.51
279,2,27.18,1,162.12
279,1,27.18,1,96.53
279,0,27.18,0,0.65
280,3,14.06,0,173.22
280,2,14.06,0,135.62
280,1,14.06,0,99.87
280,0,14.06,0,63.37
281,3,25.12,1,190.73
281,2,25.12,0,71.3
281,1,25.12,1,80.14
281,0,25.12,0,0.0
282,3,27.46,1,207.82
282,2,27.46,1,147.89
282,1,27.46,0,66.69
282,0,27.46,1,42.82
283,3,18.63,0,120.02
283,2,18.63,1,141.69
283,1,18.63,0,48.74
283,0,18.63,0,8.29
284,3,12.24,1,176.63
284,2,12.24,0,86.83
284,1,12.24,0,55.37
284,0,12.24,0,62.19
285,3,14.91,0,87.76
285,2,14.91,0,61.69
285,1,14.91,0,34.85
285,0,14.91,0,0.0
286,3,18.66,0,125.68
286,2,18.66,1,150.14
286,1,18.66,1,115.08
286,0,18.66,0,14.99
287,3,17.57,1,154.34
287,2,17.57,1,120.22
287,1,17.57,0,59.72
287,0,17.57,0,0.0
288,3,19.83,0,143.18
288,2,19.83,0,98.02
288,1,19.83,0,55.93
288,0,19.83,0,12.55
289,3,30.11,1,197.75
289,2,30.11,1,131.4
289,1,30.11,1,66.95
289,0,30.11,1,3.55
290,3,21.44,1,195.96
290,2,21.44,1,140.5
290,1,21.44,0,57.01
290,0,21.44,1,52.94
291,3,18.13,1,174.41
291,2,18.13,0,57.35
291,1,18.13,1,88.5
291,0,18.13,0,0.0
292,3,25.36,1,204.19
292,2,25.36,0,128.09
292,1,25.36,0,49.22
292,0,25.36,1,61.03
293,3,16.96,0,137.24
293,2,16.96,0,104.6
293,1,16.96,0,56.97
293,0,16.96,0,25.31
294,3,33.38,1,250.72
294,2,33.38,1,171.92
294,1,33.38,1,100.12
294,0,33.38,1,38.74
295,3,17.68,1,155.92
295,2,17.68,1,116.89
295,1,17.68,0,22.33
295,0,17.68,0,7.43
296,3,11.49,0,44.21
296,2,11.49,0,31.41
296,1,11.49,0,9.84
296,0,11.49,0,0.0
297,3,22.46,1,202.19
297,2,22.46,0,135.15
297,1,22.46,0,77.34
297,0,22.46,0,26.64
298,3,13.58,1,167.15
298,2,13.58,1,149.83
298,1,13.58,1,105.69
298,0,13.58,0,47.85
299,3,13.57,1,88.34
299,2,13.57,1,52.83
299,1,13.57,0,0.0
299,0,13.57,0,0.0
300,3,27.62,1,273.2
300,2,27.62,1,201.25
300,1,27.62,1,165.64
300,0,27.62,1,89.64
301,3,15.96,1,263.85
301,2,15.96,1,233.97
301,1,15.96,1,208.09
301,0,15.96,1,152.31
302,3,12.14,1,45.72
302,2,12.14,1,47.43
302,1,12.14,0,0.0
302,0,12.14,1,0.0
303,3,17.17,1,128.87
303,2,17.17,0,43.49
303,1,17.17,1,52.68
303,0,17.17,0,0.0
304,3,23.69,0,112.35
304,2,23.69,0,85.33
304,1,23.69,0,13.85
304,0,23.69,1,22.53
305,3,27.84,1,216.17
305,2,27.84,0,96.08
305,1,27.84,1,93.5
305,0,27.84,1,45.14
306,3,21.55,0,223.93
306,2,21.55,0,173.67
306,1,21.55,1,180.13
306,0,21.55,1,138.39
307,3,20.53,0,126.02
307,2,20.53,0,80.74
307,1,20.53,0,51.06
307,0,20.53,0,0.52
308,3,18.56,0,75.84
308,2,18.56,0,38.7
308,1,18.56,1,51.04
308,0,18.56,0,0.0
309,3,19.05,0,159.36
309,2,19.05,1,173.64
309,1,19.05,1,132.88
309,0,19.05,1,88.4
310,3,16.87,0,91.88
310,2,16.87,0,36.9
310,1,16.87,1,59.83
310,0,16.87,0,0.0
311,3,20.84,0,192.83
311,2,20.84,0,168.86
311,1,20.84,1,180.25
311,0,20.84,1,130.59
312,3,18.62,1,195.42
312,2,18.62,1,161.91
312,1,18.62,1,101.5
312,0,18.62,1,70.85
313,3,16.11,1,226.19
313,2,16.11,0,130.1
313,1,16.11,0,105.11
313,0,16.11,1,131.74
314,3,27.42,1,201.04
314,2,27.42,1,144.78
314,1,27.42,1,101.04
314,0,27.42,1,40.82
315,3,32.16,1,423.01
315,2,32.16,1,350.73
315,1,32.16,1,271.38
315,0,32.16,1,210.67
316,3,25.35,1,256.95
316,2,25.35,1,210.92
316,1,25.35,1,158.45
316,0,25.35,1,96.7
317,3,25.06,1,267.65
317,2,25.06,1,187.52
317,1,25.06,1,159.12
317,0,25.06,0,37.84
318,3,22.58,1,209.7
318,2,22.58,1,127.65
318,1,22.58,0,48.89
318,0,22.58,0,10.05
319,3,20.4,1,160.23
319,2,20.4,0,64.35
319,1,20.4,0,9.06
319,0,20.4,0,0.0
320,3,27.83,1,190.51
320,2,27.83,1,144.31
320,1,27.83,1,76.09
320,0,27.83,1,25.86
321,3,17.94,0,100.28
321,2,17.94,0,73.04
321,1,17.94,0,26.54
321,0,17.94,0,13.71
322,3,18.79,1,125.95
322,2,18.79,1,108.02
322,1,18.79,0,0.0
322,0,18.79,0,0.0
323,3,19.7,1,184.89
323,2,19.7,0,109.54
323,1,19.7,1,111.26
323,0,19.7,1,75.53
324,3,26.49,0,140.86
324,2,26.49,1,123.88
324,1,26.49,1,57.11
324,0,26.49,1,36.83
325,3,20.69,0,150.43
325,2,20.69,0,128.67
325,1,20.69,1,128.95
325,0,20.69,0,41.12
326,3,18.85,1,220.07
326,2,18.85,1,206.68
326,1,18.85,0,83.75
326,0,18.85,0,60.03
327,3,18.13,1,128.23
327,2,18.13,1,101.57
327,1,18.13,0,5.92
327,0,18.13,0,0.0
328,3,25.25,1,266.71
328,2,25.25,1,231.15
328,1,25.25,0,130.07
328,0,25.25,1,115.52
329,3,21.24,1,183.8
329,2,21.24,1,127.39
329,1,21.24,0,36.52
329,0,21.24,0,0.0
330,3,19.08,1,233.16
330,2,19.08,0,140.11
330,1,19.08,0,97.88
330,0,19.08,0,67.71
331,3,29.86,1,274.47
331,2,29.86,1,213.48
331,1,29.86,1,159.06
331,0,29.86,1,90.95
332,3,21.28,1,252.55
332,2,21.28,1,202.2
332,1,21.28,0,126.66
332,0,21.28,0,68.74
333,3,18.74,0,67.09
333,2,18.74,1,82.39
333,1,18.74,0,4.13
333,0,18.74,0,0.0
334,3,12.8,1,125.02
334,2,12.8,0,66.1
334,1,12.8,0,22.6
334,0,12.8,0,0.0
335,3,18.31,1,251.08
335,2,18.31,1,206.23
335,1,18.31,0,101.0
335,0,18.31,0,69.6
336,3,16.68,0,66.39
336,2,16.68,0,58.17
336,1,16.68,1,58.94
336,0,16.68,0,0.0
337,3,25.12,1,121.47
337,2,25.12,1,65.25
337,1,25.12,1,16.1
337,0,25.12,1,0.0
338,3,21.78,1,93.69
338,2,21.78,1,55.31
338,1,21.78,1,9.3
338,0,21.78,0,0.0
339,3,18.77,1,71.84
339,2,18.77,0,0.0
339,1,18.77,0,0.0
339,0,18.77,0,0.0
340,3,11.1,0,0.0
340,2,11.1,0,0.0
340,1,11.1,0,0.0
340,0,11.1,0,0.0
341,3,21.15,1,171.47
341,2,21.15,1,136.47
341,1,21.15,0,35.92
341,0,21.15,0,0.0
342,3,16.76,1,221.65
342,2,16.76,0,126.66
342,1,16.76,1,159.91
342,0,16.76,0,57.79
343,3,25.18,1,225.6
343,2,25.18,1,138.89
343,1,25.18,1,108.67
343,0,25.18,1,27.71
344,3,10.49,0,80.37
344,2,10.49,1,115.77
344,1,10.49,1,80.42
344,0,10.49,1,64.6
345,3,23.51,1,199.58
345,2,23.51,1,147.27
345,1,23.51,1,123.86
345,0,23.51,1,70.27
346,3,20.92,0,152.29
346,2,20.92,1,139.62
346,1,20.92,1,102.67
346,0,20.92,0,17.71
347,3,18.59,0,116.33
347,2,18.59,1,123.65
347,1,18.59,1,76.66
347,0,18.59,0,3.55
348,3,19.14,1,169.93
348,2,19.14,0,67.15
348,1,19.14,0,51.72
348,0,19.14,1,53.48
349,3,18.53,1,190.64
349,2,18.53,1,147.92
349,1,18.53,0,72.04
349,0,18.53,0,41.13
350,3,12.76,1,55.99
350,2,12.76,0,0.0
350,1,12.76,0,0.0
350,0,12.76,0,0.0
351,3,18.85,0,164.37
351,2,18.85,1,195.1
351,1,18.85,0,106.62
351,0,18.85,0,71.72
352,3,20.98,1,231.53
352,2,20.98,1,192.28
352,1,20.98,1,143.23
352,0,20.98,0,49.18
353,3,17.79,1,149.02
353,2,17.79,1,120.36
353,1,17.79,1,74.53
353,0,17.79,0,11.52
354,3,18.53,1,217.52
354,2,18.53,1,185.24
354,1,18.53,1,127.97
354,0,18.53,0,48.81
355,3,23.75,1,170.17
355,2,23.75,1,126.64
355,1,23.75,0,29.84
355,0,23.75,1,24.21
356,3,21.99,1,164.62
356,2,21.99,1,108.77
356,1,21.99,0,9.72
356,0,21.99,0,0.0
357,3,18.51,0,141.41
357,2,18.51,0,86.31
357,1,18.51,1,81.47
357,0,18.51,1,55.59
358,3,14.72,1,119.47
358,2,14.72,0,56.78
358,1,14.72,1,81.91
358,0,14.72,0,0.0
359,3,22.25,1,185.43
359,2,22.25,1,125.05
359,1,22.25,0,31.73
359,0,22.25,0,0.0
360,3,16.22,1,120.95
360,2,16.22,0,37.0
360,1,16.22,0,0.49
360,0,16.22,0,0.0
361,3,19.18,0,101.88
361,2,19.18,1,102.51
361,1,19.18,0,22.99
361,0,19.18,0,0.0
362,3,22.84,1,224.55
362,2,22.84,1,208.0
362,1,22.84,0,97.35
362,0,22.84,0,52.46
363,3,28.56,1,138.35
363,2,28.56,0,44.3
363,1,28.56,1,19.34
363,0,28.56,1,0.0
364,3,18.13,1,196.6
364,2,18.13,1,152.79
364,1,18.13,1,113.11
364,0,18.13,0,15.45
365,3,20.11,1,164.11
365,2,20.11,0,77.79
365,1,20.11,0,40.99
365,0,20.11,0,5.74
366,3,16.27,0,127.94
366,2,16.27,0,113.51
366,1,16.27,0,73.56
366,0,16.27,0,49.59
367,3,16.6,1,184.15
367,2,16.6,1,131.85
367,1,16.6,1,118.03
367,0,16.6,1,86.05
368,3,17.06,0,0.0
368,2,17.06,0,0.0
368,1,17.06,0,0.0
368,0,17.06,0,0.0
369,3,19.61,0,162.3
369,2,19.61,1,173.06
369,1,19.61,1,125.56
369,0,19.61,1,97.8
370,3,15.42,0,122.29
370,2,15.42,0,91.88
370,1,15.42,0,57.73
370,0,15.42,1,70.37
371,3,15.84,1,163.97
371,2,15.84,1,114.83
371,1,15.84,1,89.74
371,0,15.84,0,29.14
372,3,19.51,1,170.48
372,2,19.51,1,105.86
372,1,19.51,0,12.61
372,0,19.51,1,30.93
373,3,29.36,1,302.5
373,2,29.36,1,226.4
373,1,29.36,1,166.68
373,0,29.36,1,93.29
374,3,16.72,0,72.5
374,2,16.72,0,48.96
374,1,16.72,0,13.62
374,0,16.72,0,4.88
375,3,17.91,0,197.76
375,2,17.91,0,173.32
375,1,17.91,0,123.73
375,0,17.91,0,89.39
376,3,15.6,1,181.94
376,2,15.6,0,90.3
376,1,15.6,0,59.61
376,0,15.6,0,46.86
377,3,15.75,0,208.2
377,2,15.75,0,190.15
377,1,15.75,1,195.78
377,0,15.75,0,118.63
378,3,14.4,1,113.13
378,2,14.4,1,68.29
378,1,14.4,0,0.0
378,0,14.4,0,0.0
379,3,18.61,0,20.15
379,2,18.61,1,52.16
379,1,18.61,0,0.0
379,0,18.61,1,0.0
380,3,20.12,1,229.51
380,2,20.12,1,180.05
380,1,20.12,0,95.49
380,0,20.12,1,90.04
381,3,21.13,0,179.32
381,2,21.13,1,184.13
381,1,21.13,1,157.89
381,0,21.13,0,70.76
382,3,21.32,0,130.67
382,2,21.32,1,152.55
382,1,21.32,1,93.59
382,0,21.32,0,13.34
383,3,15.63,1,83.93
383,2,15.63,1,20.5
383,1,15.63,0,0.0
383,0,15.63,0,0.0
384,3,19.61,1,160.15
384,2,19.61,1,105.22
384,1,19.61,1,71.49
384,0,19.61,0,0.0
385,3,16.68,1,172.86
385,2,16.68,1,132.61
385,1,16.68,1,133.81
385,0,16.68,0,27.7
386,3,16.94,1,166.79
386,2,16.94,1,101.96
386,1,16.94,0,22.7
386,0,16.94,1,51.23
387,3,13.92,0,89.07
387,2,13.92,1,103.77
387,1,13.92,0,29.91
387,0,13.92,0,0.0
388,3,17.37,0,107.21
388,2,17.37,1,104.78
388,1,17.37,1,94.33
388,0,17.37,0,0.0
389,3,22.66,1,164.13
389,2,22.66,1,105.45
389,1,22.66,0,0.0
389,0,22.66,0,0.0
390,3,20.49,0,111.39
390,2,20.49,1,122.31
390,1,20.49,0,26.27
390,0,20.49,0,0.0
391,3,19.29,1,87.8
391,2,19.29,0,27.69
391,1,19.29,1,12.09
391,0,19.29,1,0.0
392,3,31.31,1,339.18
392,2,31.31,1,295.7
392,1,31.31,1,248.63
392,0,31.31,1,153.88
393,3,17.33,0,95.53
393,2,17.33,0,53.53
393,1,17.33,1,59.42
393,0,17.33,0,0.0
394,3,22.3,1,211.84
394,2,22.3,0,115.67
394,1,22.3,0,90.02
394,0,22.3,1,90.4
395,3,29.52,1,194.2
395,2,29.52,1,127.68
395,1,29.52,1,64.91
395,0,29.52,1,30.08
396,3,17.82,0,143.52
396,2,17.82,0,116.36
396,1,17.82,0,62.94
396,0,17.82,1,91.38
397,3,17.13,0,16.84
397,2,17.13,0,0.0
397,1,17.13,0,0.0
397,0,17.13,0,0.0
398,3,20.85,1,222.84
398,2,20.85,1,181.32
398,1,20.85,0,87.29
398,0,20.85,1,102.08
399,3,17.18,1,149.49
399,2,17.18,1,146.72
399,1,17.18,0,49.3
399,0,17.18,0,11.21
400,3,23.81,1,320.53
400,2,23.81,1,259.29
400,1,23.81,1,206.68
400,0,23.81,1,179.82
401,3,20.22,1,86.28
401,2,20.22,1,81.65
401,1,20.22,1,51.47
401,0,20.22,0,0.0
402,3,21.12,0,140.01
402,2,21.12,0,95.32
402,1,21.12,0,56.0
402,0,21.12,1,49.12
403,3,20.86,0,149.53
403,2,20.86,1,164.84
403,1,20.86,1,120.23
403,0,20.86,0,28.82
404,3,19.19,0,174.78
404,2,19.19,0,155.09
404,1,19.19,0,121.25
404,0,19.19,1,87.73
405,3,24.12,1,195.21
405,2,24.12,1,119.48
405,1,24.12,1,89.29
405,0,24.12,1,36.7
406,3,24.95,1,239.01
406,2,24.95,1,184.64
406,1,24.95,1,103.12
406,0,24.95,0,11.39
407,3,25.24,1,129.86
407,2,25.24,1,45.87
407,1,25.24,1,25.28
407,0,25.24,1,0.0
408,3,26.08,1,188.18
408,2,26.08,1,117.59
408,1,26.08,1,67.84
408,0,26.08,0,0.0
409,3,19.77,1,193.79
409,2,19.77,0,106.67
409,1,19.77,0,69.23
409,0,19.77,1,95.38
410,3,22.1,1,246.08
410,2,22.1,1,202.54
410,1,22.1,1,155.49
410,0,22.1,1,109.05
411,3,13.52,0,77.49
411,2,13.52,0,38.73
411,1,13.52,1,70.24
411,0,13.52,0,0.0
412,3,20.61,0,240.39
412,2,20.61,1,236.97
412,1,20.61,1,195.5
412,0,20.61,0,114.62
413,3,16.61,1,251.4
413,2,16.61,0,132.49
413,1,16.61,0,149.79
413,0,16.61,0,88.53
414,3,29.19,1,246.75
414,2,29.19,1,191.86
414,1,29.19,1,138.71
414,0,29.19,1,75.72
415,3,23.27,0,20.79
415,2,23.27,1,35.45
415,1,23.27,0,0.0
415,0,23.27,1,0.0
416,3,14.56,0,8.08
416,2,14.56,0,0.0
416,1,14.56,0,0.0
416,0,14.56,0,0.0
417,3,28.54,1,200.75
417,2,28.54,1,143.68
417,1,28.54,1,98.71
417,0,28.54,0,0.0
418,3,15.47,1,204.5
418,2,15.47,0,133.84
418,1,15.47,1,132.84
418,0,15.47,1,107.61
419,3,22.29,1,210.14
419,2,22.29,0,122.86
419,1,22.29,1,113.4
419,0,22.29,1,91.91
420,3,27.12,1,132.94
420,2,27.12,1,61.23
420,1,27.12,1,25.51
420,0,27.12,1,0.0
421,3,17.21,0,92.37
421,2,17.21,1,107.49
421,1,17.21,0,20.08
421,0,17.21,0,0.0
422,3,27.08,0,278.85
422,2,27.08,1,248.64
422,1,27.08,1,207.95
422,0,27.08,1,155.25
423,3,28.05,1,215.98
423,2,28.05,1,160.48
423,1,28.05,0,51.0
423,0,28.05,1,46.52
424,3,19.65,0,86.24
424,2,19.65,0,48.34
424,1,19.65,0,0.0
424,0,19.65,0,0.0
425,3,19.4,0,229.35
425,2,19.4,0,175.06
425,1,19.4,1,207.05
425,0,19.4,1,155.27
426,3,21.16,0,132.12
426,2,21.16,1,144.51
426,1,21.16,0,49.69
426,0,21.16,0,20.43
427,3,18.4,0,104.17
427,2,18.4,1,114.26
427,1,18.4,0,34.79
427,0,18.4,0,0.0
428,3,19.89,1,170.91
428,2,19.89,0,95.3
428,1,19.89,0,62.97
428,0,19.89,0,28.15
429,3,20.66,0,134.49
429,2,20.66,0,89.91
429,1,20.66,1,101.4
429,0,20.66,1,71.47
430,3,18.31,1,155.84
430,2,18.31,0,65.33
430,1,18.31,0,15.1
430,0,18.31,0,0.0
431,3,20.12,1,248.05
431,2,20.12,0,162.69
431,1,20.12,0,123.41
431,0,20.12,0,80.26
432,3,27.78,1,291.04
432,2,27.78,1,233.78
432,1,27.78,0,114.92
432,0,27.78,1,124.32
433,3,25.25,1,243.8
433,2,25.25,1,215.52
433,1,25.25,0,111.75
433,0,25.25,1,100.49
434,3,23.88,0,154.99
434,2,23.88,1,160.46
434,1,23.88,1,107.53
434,0,23.88,0,14.93
435,3,28.92,1,293.69
435,2,28.92,1,242.32
435,1,28.92,1,204.16
435,0,28.92,1,128.61
436,3,21.88,0,156.31
436,2,21.88,0,120.43
436,1,21.88,1,93.95
436,0,21.88,0,26.27
437,3,12.45,0,82.89
437,2,12.45,1,139.56
437,1,12.45,0,43.59
437,0,12.45,0,17.84
438,3,19.81,0,202.66
438,2,19.81,1,191.87
438,1,19.81,0,99.76
438,0,19.81,0,43.58
439,3,14.53,0,120.83
439,2,14.53,1,153.42
439,1,14.53,0,81.31
439,0,14.53,0,62.72
440,3,22.78,1,274.88
440,2,22.78,1,256.53
440,1,22.78,0,135.93
440,0,22.78,0,108.78
441,3,19.53,1,183.39
441,2,19.53,1,147.84
441,1,19.53,0,66.24
441,0,19.53,0,46.93
442,3,21.62,1,98.21
442,2,21.62,0,8.1
442,1,21.62,0,0.0
442,0,21.62,1,0.0
443,3,18.12,0,59.49
443,2,18.12,0,22.99
443,1,18.12,0,0.0
443,0,18.12,0,0.0
444,3,21.18,1,252.21
444,2,21.18,0,173.89
444,1,21.18,1,165.86
444,0,21.18,0,97.83
445,3,11.96,1,99.44
445,2,11.96,1,85.49
445,1,11.96,1,50.04
445,0,11.96,0,0.0
446,3,17.94,0,134.9
446,2,17.94,0,104.36
446,1,17.94,0,63.58
446,0,17.94,1,79.76
447,3,13.82,0,19.19
447,2,13.82,0,16.32
447,1,13.82,0,0.0
447,0,13.82,0,0.0
448,3,15.68,1,194.37
448,2,15.68,0,121.62
448,1,15.68,1,144.85
448,0,15.68,0,64.82
449,3,25.58,1,198.1
449,2,25.58,1,146.45
449,1,25.58,0,45.35
449,0,25.58,1,39.77
450,3,14.64,1,234.24
450,2,14.64,1,160.04
450,1,14.64,0,113.03
450,0,14.64,0,74.85
451,3,26.89,0,164.36
451,2,26.89,1,154.66
451,1,26.89,1,96.77
451,0,26.89,0,0.0
452,3,20.34,1,241.89
452,2,20.34,1,217.39
452,1,20.34,0,87.11
452,0,20.34,0,60.73
453,3,22.36,1,222.59
453,2,22.36,0,138.45
453,1,22.36,0,92.45
453,0,22.36,1,95.14
454,3,23.58,1,174.53
454,2,23.58,1,116.61
454,1,23.58,0,37.55
454,0,23.58,0,0.0
455,3,23.57,1,272.74
455,2,23.57,1,207.34
455,1,23.57,0,124.19
455,0,23.57,0,69.2
456,3,22.76,1,154.77
456,2,22.76,1,99.42
456,1,22.76,1,77.06
456,0,22.76,0,0.0
457,3,14.41,1,106.36
457,2,14.41,0,37.28
457,1,14.41,0,0.0
457,0,14.41,0,0.0
458,3,26.52,1,279.9
458,2,26.52,1,228.89
458,1,26.52,1,154.07
458,0,26.52,1,106.97
459,3,17.17,0,66.74
459,2,17.17,1,94.32
459,1,17.17,0,10.51
459,0,17.17,0,0.0
460,3,21.11,0,116.23
460,2,21.11,1,106.87
460,1,21.11,1,73.32
460,0,21.11,1,50.13
461,3,17.83,1,152.84
461,2,17.83,1,109.42
461,1,17.83,0,36.21
461,0,17.83,0,0.0
462,3,21.06,1,144.64
462,2,21.06,0,43.2
462,1,21.06,1,49.17
462,0,21.06,0,0.0
463,3,19.97,1,224.46
463,2,19.97,0,139.51
463,1,19.97,0,109.77
463,0,19.97,1,113.0
464,3,24.42,0,204.95
464,2,24.42,1,171.26
464,1,24.42,1,154.56
464,0,24.42,1,101.02
465,3,17.01,1,142.6
465,2,17.01,1,133.57
465,1,17.01,1,80.96
465,0,17.01,0,10.42
466,3,23.22,1,189.36
466,2,23.22,1,137.97
466,1,23.22,1,90.3
466,0,23.22,0,0.0
467,3,19.35,1,201.3
467,2,19.35,0,117.69
467,1,19.35,1,105.0
467,0,19.35,0,27.1
468,3,19.82,1,277.81
468,2,19.82,1,214.71
468,1,19.82,1,183.64
468,0,19.82,0,110.94
469,3,19.7,1,223.48
469,2,19.7,0,124.78
469,1,19.7,0,76.12
469,0,19.7,1,114.4
470,3,18.25,1,156.69
470,2,18.25,0,39.03
470,1,18.25,1,87.46
470,0,18.25,0,0.0
471,3,35.06,1,339.32
471,2,35.06,1,257.95
471,1,35.06,1,180.2
471,0,35.06,1,119.58
472,3,16.35,1,143.73
472,2,16.35,1,107.06
472,1,16.35,0,20.4
472,0,16.35,0,0.0
473,3,16.68,1,166.32
473,2,16.68,1,124.73
473,1,16.68,0,17.37
473,0,16.68,1,25.52
474,3,28.14,0,283.35
474,2,28.14,1,285.66
474,1,28.14,1,220.24
474,0,28.14,1,172.49
475,3,20.74,0,112.57
475,2,20.74,1,121.73
475,1,20.74,0,39.26
475,0,20.74,0,0.0
476,3,14.41,0,70.87
476,2,14.41,0,22.08
476,1,14.41,0,19.42
476,0,14.41,0,0.0
477,3,17.53,1,52.91
477,2,17.53,0,0.0
477,1,17.53,0,0.0
477,0,17.53,0,0.0
478,3,17.02,0,54.72
478,2,17.02,1,43.48
478,1,17.02,0,0.0
478,0,17.02,0,0.0
479,3,23.29,0,178.0
479,2,23.29,1,190.13
479,1,23.29,1,132.78
479,0,23.29,1,79.85
480,3,20.03,0,108.09
480,2,20.03,1,109.56
480,1,20.03,0,32.8
480,0,20.03,0,0.0
481,3,24.02,0,186.98
481,2,24.02,1,198.67
481,1,24.02,1,147.09
481,0,24.02,0,41.3
482,3,19.58,0,66.79
482,2,19.58,1,82.64
482,1,19.58,0,4.93
482,0,19.58,1,0.0
483,3,20.89,0,101.56
483,2,20.89,0,61.12
483,1,20.89,0,5.44
483,0,20.89,1,34.2
484,3,22.07,1,220.41
484,2,22.07,0,144.69
484,1,22.07,0,103.47
484,0,22.07,1,96.81
485,3,19.93,0,196.48
485,2,19.93,0,168.66
485,1,19.93,1,183.57
485,0,19.93,1,138.27
486,3,27.87,1,250.88
486,2,27.87,1,188.79
486,1,27.87,1,171.95
486,0,27.87,1,87.12
487,3,14.35,0,138.44
487,2,14.35,1,157.43
487,1,14.35,0,90.05
487,0,14.35,0,53.69
488,3,22.0,1,263.38
488,2,22.0,1,237.85
488,1,22.0,1,186.41
488,0,22.0,0,100.49
489,3,19.15,0,162.0
489,2,19.15,1,193.8
489,1,19.15,0,107.19
489,0,19.15,0,65.92
490,3,11.56,0,22.07
490,2,11.56,1,46.99
490,1,11.56,0,0.0
490,0,11.56,0,0.0
491,3,21.53,0,113.71
491,2,21.53,0,87.36
491,1,21.53,0,56.77
491,0,21.53,1,39.11
492,3,16.62,1,181.47
492,2,16.62,1,154.62
492,1,16.62,0,82.8
492,0,16.62,0,37.44
493,3,29.84,1,214.83
493,2,29.84,1,153.51
493,1,29.84,1,109.54
493,0,29.84,0,5.18
494,3,14.96,0,116.53
494,2,14.96,1,136.5
494,1,14.96,0,75.26
494,0,14.96,0,24.5
495,3,27.22,1,166.75
495,2,27.22,1,98.28
495,1,27.22,0,0.0
495,0,27.22,1,0.0
496,3,34.31,1,226.26
496,2,34.31,1,167.81
496,1,34.31,1,95.04
496,0,34.31,1,31.69
497,3,15.19,1,156.64
497,2,15.19,1,143.27
497,1,15.19,1,105.14
497,0,15.19,0,34.54
498,3,26.06,1,111.42
498,2,26.06,1,76.5
498,1,26.06,1,16.11
498,0,26.06,0,0.0
499,3,23.1,0,100.94
499,2,23.1,0,47.24
499,1,23.1,0,2.33
499,0,23.1,1,15.6
500,3,20.52,0,154.68
500,2,20.52,0,93.52
500,1,20.52,1,111.16
500,0,20.52,0,3.77
